,comp_1,comp_2
0,CHEBI:6699,CHEBI:30718
1,CHEBI:6699,CHEBI:31254
2,CHEBI:6699,CHEBI:3188
3,CHEBI:6699,CHEBI:34809
4,CHEBI:6699,CHEBI:34810
5,CHEBI:6699,CHEBI:37476
6,CHEBI:6699,CHEBI:39750
7,CHEBI:6699,CHEBI:48242
8,CHEBI:6699,CHEBI:48510
9,CHEBI:6699,CHEBI:616
10,CHEBI:6699,CHEBI:7728
11,CHEBI:69579,CHEBI:100636
12,CHEBI:69579,CHEBI:124254
13,CHEBI:69579,CHEBI:15492
14,CHEBI:69579,CHEBI:15580
15,CHEBI:69579,CHEBI:15825
16,CHEBI:69579,CHEBI:16286
17,CHEBI:69579,CHEBI:166
18,CHEBI:69579,CHEBI:17020
19,CHEBI:69579,CHEBI:18064
20,CHEBI:69579,CHEBI:2700
21,CHEBI:69579,CHEBI:27825
22,CHEBI:69579,CHEBI:28142
23,CHEBI:69579,CHEBI:28598
24,CHEBI:69579,CHEBI:3188
25,CHEBI:69579,CHEBI:39750
26,CHEBI:69579,CHEBI:7728
27,CHEBI:69579,CHEBI:89678
28,CHEBI:69829,CHEBI:100636
29,CHEBI:69829,CHEBI:124254
30,CHEBI:69829,CHEBI:15825
31,CHEBI:69829,CHEBI:16070
32,CHEBI:69829,CHEBI:16286
33,CHEBI:69829,CHEBI:166
34,CHEBI:69829,CHEBI:18400
35,CHEBI:69829,CHEBI:2220
36,CHEBI:69829,CHEBI:27825
37,CHEBI:69829,CHEBI:28142
38,CHEBI:69829,CHEBI:28708
39,CHEBI:69829,CHEBI:34809
40,CHEBI:69829,CHEBI:34810
41,CHEBI:69829,CHEBI:37476
42,CHEBI:69829,CHEBI:39750
43,CHEBI:69829,CHEBI:48242
44,CHEBI:69829,CHEBI:69014
45,CHEBI:69829,CHEBI:7728
46,CHEBI:70353,CHEBI:100636
47,CHEBI:70353,CHEBI:124254
48,CHEBI:70353,CHEBI:15398
49,CHEBI:70353,CHEBI:15667
50,CHEBI:70353,CHEBI:15825
51,CHEBI:70353,CHEBI:16286
52,CHEBI:70353,CHEBI:166
53,CHEBI:70353,CHEBI:16712
54,CHEBI:70353,CHEBI:180399
55,CHEBI:70353,CHEBI:212
56,CHEBI:70353,CHEBI:2220
57,CHEBI:70353,CHEBI:27808
58,CHEBI:70353,CHEBI:27825
59,CHEBI:70353,CHEBI:28142
60,CHEBI:70353,CHEBI:34809
61,CHEBI:70353,CHEBI:34810
62,CHEBI:70353,CHEBI:37476
63,CHEBI:70353,CHEBI:39750
64,CHEBI:70353,CHEBI:48242
65,CHEBI:70353,CHEBI:48510
66,CHEBI:70353,CHEBI:7728
67,CHEBI:70353,CHEBI:99265
68,CHEBI:73336,CHEBI:100636
69,CHEBI:73336,CHEBI:124254
70,CHEBI:73336,CHEBI:15492
71,CHEBI:73336,CHEBI:15728
72,CHEBI:73336,CHEBI:15825
73,CHEBI:73336,CHEBI:16286
74,CHEBI:73336,CHEBI:166
75,CHEBI:73336,CHEBI:16614
76,CHEBI:73336,CHEBI:16864
77,CHEBI:73336,CHEBI:16936
78,CHEBI:73336,CHEBI:17020
79,CHEBI:73336,CHEBI:17225
80,CHEBI:73336,CHEBI:18169
81,CHEBI:73336,CHEBI:18400
82,CHEBI:73336,CHEBI:27399
83,CHEBI:73336,CHEBI:27651
84,CHEBI:73336,CHEBI:27808
85,CHEBI:73336,CHEBI:27825
86,CHEBI:73336,CHEBI:28142
87,CHEBI:73336,CHEBI:30718
88,CHEBI:73336,CHEBI:33390
89,CHEBI:73336,CHEBI:34809
90,CHEBI:73336,CHEBI:34810
91,CHEBI:73336,CHEBI:37476
92,CHEBI:73336,CHEBI:39750
93,CHEBI:73336,CHEBI:42896
94,CHEBI:73336,CHEBI:48242
95,CHEBI:73336,CHEBI:48510
96,CHEBI:73336,CHEBI:52618
97,CHEBI:73336,CHEBI:616
98,CHEBI:73336,CHEBI:6476
99,CHEBI:73336,CHEBI:69014
100,CHEBI:73336,CHEBI:7728
101,CHEBI:73336,CHEBI:89678
102,CHEBI:73336,CHEBI:94290
103,CHEBI:80747,CHEBI:119051
104,CHEBI:80747,CHEBI:119052
105,CHEBI:80747,CHEBI:124254
106,CHEBI:80747,CHEBI:15825
107,CHEBI:80747,CHEBI:16108
108,CHEBI:80747,CHEBI:166
109,CHEBI:80747,CHEBI:18229
110,CHEBI:80747,CHEBI:27825
111,CHEBI:80747,CHEBI:39750
112,CHEBI:80747,CHEBI:48551
113,CHEBI:80747,CHEBI:52134
114,CHEBI:80747,CHEBI:7728
115,CHEBI:80747,CHEBI:80748
116,CHEBI:9657,CHEBI:100636
117,CHEBI:9657,CHEBI:124254
118,CHEBI:9657,CHEBI:15825
119,CHEBI:9657,CHEBI:16286
120,CHEBI:9657,CHEBI:166
121,CHEBI:9657,CHEBI:16632
122,CHEBI:9657,CHEBI:16825
123,CHEBI:9657,CHEBI:17244
124,CHEBI:9657,CHEBI:212
125,CHEBI:9657,CHEBI:2220
126,CHEBI:9657,CHEBI:27808
127,CHEBI:9657,CHEBI:27825
128,CHEBI:9657,CHEBI:28142
129,CHEBI:9657,CHEBI:29055
130,CHEBI:9657,CHEBI:34809
131,CHEBI:9657,CHEBI:34810
132,CHEBI:9657,CHEBI:37476
133,CHEBI:9657,CHEBI:39750
134,CHEBI:9657,CHEBI:48242
135,CHEBI:9657,CHEBI:48510
136,CHEBI:9657,CHEBI:50629
137,CHEBI:9657,CHEBI:7728
138,CHEBI:9921,CHEBI:100636
139,CHEBI:9921,CHEBI:118
140,CHEBI:9921,CHEBI:119602
141,CHEBI:9921,CHEBI:124254
142,CHEBI:9921,CHEBI:15555
143,CHEBI:9921,CHEBI:15825
144,CHEBI:9921,CHEBI:16358
145,CHEBI:9921,CHEBI:166
146,CHEBI:9921,CHEBI:17020
147,CHEBI:9921,CHEBI:17344
148,CHEBI:9921,CHEBI:17886
149,CHEBI:9921,CHEBI:27825
150,CHEBI:9921,CHEBI:28470
151,CHEBI:9921,CHEBI:29055
152,CHEBI:9921,CHEBI:30718
153,CHEBI:9921,CHEBI:34809
154,CHEBI:9921,CHEBI:34810
155,CHEBI:9921,CHEBI:36244
156,CHEBI:9921,CHEBI:37476
157,CHEBI:9921,CHEBI:39750
158,CHEBI:9921,CHEBI:48242
159,CHEBI:9921,CHEBI:616
160,CHEBI:9921,CHEBI:7728
161,CHEBI:9921,CHEBI:84001
162,CHEBI:17697,CHEBI:110320
163,CHEBI:17697,CHEBI:124254
164,CHEBI:17697,CHEBI:15825
165,CHEBI:17697,CHEBI:16070
166,CHEBI:17697,CHEBI:166
167,CHEBI:17697,CHEBI:16652
168,CHEBI:17697,CHEBI:166816
169,CHEBI:17697,CHEBI:39750
170,CHEBI:17697,CHEBI:7728
171,CHEBI:133127,CHEBI:100636
172,CHEBI:133127,CHEBI:114
173,CHEBI:133127,CHEBI:124254
174,CHEBI:133127,CHEBI:15580
175,CHEBI:133127,CHEBI:15825
176,CHEBI:133127,CHEBI:16286
177,CHEBI:133127,CHEBI:166
178,CHEBI:133127,CHEBI:17020
179,CHEBI:133127,CHEBI:2220
180,CHEBI:133127,CHEBI:27460
181,CHEBI:133127,CHEBI:28142
182,CHEBI:133127,CHEBI:28708
183,CHEBI:133127,CHEBI:30718
184,CHEBI:133127,CHEBI:3188
185,CHEBI:133127,CHEBI:39750
186,CHEBI:133127,CHEBI:616
187,CHEBI:133127,CHEBI:7728
188,CHEBI:2422,CHEBI:100636
189,CHEBI:2422,CHEBI:124254
190,CHEBI:2422,CHEBI:129650
191,CHEBI:2422,CHEBI:1378
192,CHEBI:2422,CHEBI:140622
193,CHEBI:2422,CHEBI:15492
194,CHEBI:2422,CHEBI:15657
195,CHEBI:2422,CHEBI:15825
196,CHEBI:2422,CHEBI:16352
197,CHEBI:2422,CHEBI:166
198,CHEBI:2422,CHEBI:17020
199,CHEBI:2422,CHEBI:27825
200,CHEBI:2422,CHEBI:28071
201,CHEBI:2422,CHEBI:28234
202,CHEBI:2422,CHEBI:28359
203,CHEBI:2422,CHEBI:28502
204,CHEBI:2422,CHEBI:30717
205,CHEBI:2422,CHEBI:30718
206,CHEBI:2422,CHEBI:37476
207,CHEBI:2422,CHEBI:39750
208,CHEBI:2422,CHEBI:48242
209,CHEBI:2422,CHEBI:616
210,CHEBI:2422,CHEBI:7728
211,CHEBI:47849,CHEBI:100636
212,CHEBI:47849,CHEBI:110
213,CHEBI:47849,CHEBI:124254
214,CHEBI:47849,CHEBI:15825
215,CHEBI:47849,CHEBI:16358
216,CHEBI:47849,CHEBI:166
217,CHEBI:47849,CHEBI:17020
218,CHEBI:47849,CHEBI:30718
219,CHEBI:47849,CHEBI:36244
220,CHEBI:47849,CHEBI:39750
221,CHEBI:47849,CHEBI:616
222,CHEBI:47849,CHEBI:7728
223,CHEBI:49801,CHEBI:100636
224,CHEBI:49801,CHEBI:124254
225,CHEBI:49801,CHEBI:15492
226,CHEBI:49801,CHEBI:15825
227,CHEBI:49801,CHEBI:166
228,CHEBI:49801,CHEBI:17020
229,CHEBI:49801,CHEBI:27825
230,CHEBI:49801,CHEBI:282
231,CHEBI:49801,CHEBI:28359
232,CHEBI:49801,CHEBI:28502
233,CHEBI:49801,CHEBI:28656
234,CHEBI:49801,CHEBI:30718
235,CHEBI:49801,CHEBI:37476
236,CHEBI:49801,CHEBI:39750
237,CHEBI:49801,CHEBI:48242
238,CHEBI:49801,CHEBI:53209
239,CHEBI:49801,CHEBI:616
240,CHEBI:49801,CHEBI:7728
241,CHEBI:51153,CHEBI:100636
242,CHEBI:51153,CHEBI:124254
243,CHEBI:51153,CHEBI:15825
244,CHEBI:51153,CHEBI:16286
245,CHEBI:51153,CHEBI:166
246,CHEBI:51153,CHEBI:16632
247,CHEBI:51153,CHEBI:16825
248,CHEBI:51153,CHEBI:18400
249,CHEBI:51153,CHEBI:212
250,CHEBI:51153,CHEBI:2220
251,CHEBI:51153,CHEBI:27808
252,CHEBI:51153,CHEBI:27825
253,CHEBI:51153,CHEBI:28142
254,CHEBI:51153,CHEBI:29055
255,CHEBI:51153,CHEBI:34809
256,CHEBI:51153,CHEBI:34810
257,CHEBI:51153,CHEBI:37397
258,CHEBI:51153,CHEBI:37476
259,CHEBI:51153,CHEBI:39750
260,CHEBI:51153,CHEBI:48242
261,CHEBI:51153,CHEBI:48510
262,CHEBI:51153,CHEBI:50629
263,CHEBI:51153,CHEBI:52618
264,CHEBI:51153,CHEBI:6478
265,CHEBI:51153,CHEBI:69014
266,CHEBI:51153,CHEBI:7728
267,CHEBI:51625,CHEBI:100636
268,CHEBI:51625,CHEBI:10582
269,CHEBI:51625,CHEBI:124254
270,CHEBI:51625,CHEBI:1394
271,CHEBI:51625,CHEBI:15398
272,CHEBI:51625,CHEBI:15492
273,CHEBI:51625,CHEBI:15825
274,CHEBI:51625,CHEBI:16080
275,CHEBI:51625,CHEBI:16286
276,CHEBI:51625,CHEBI:16358
277,CHEBI:51625,CHEBI:166
278,CHEBI:51625,CHEBI:16632
279,CHEBI:51625,CHEBI:166358
280,CHEBI:51625,CHEBI:16725
281,CHEBI:51625,CHEBI:16825
282,CHEBI:51625,CHEBI:17020
283,CHEBI:51625,CHEBI:17038
284,CHEBI:51625,CHEBI:17784
285,CHEBI:51625,CHEBI:17886
286,CHEBI:51625,CHEBI:180399
287,CHEBI:51625,CHEBI:18400
288,CHEBI:51625,CHEBI:212
289,CHEBI:51625,CHEBI:2220
290,CHEBI:51625,CHEBI:27404
291,CHEBI:51625,CHEBI:27446
292,CHEBI:51625,CHEBI:27808
293,CHEBI:51625,CHEBI:27825
294,CHEBI:51625,CHEBI:28142
295,CHEBI:51625,CHEBI:282
296,CHEBI:51625,CHEBI:28495
297,CHEBI:51625,CHEBI:28656
298,CHEBI:51625,CHEBI:29055
299,CHEBI:51625,CHEBI:29648
300,CHEBI:51625,CHEBI:30718
301,CHEBI:51625,CHEBI:34809
302,CHEBI:51625,CHEBI:34810
303,CHEBI:51625,CHEBI:36244
304,CHEBI:51625,CHEBI:36968
305,CHEBI:51625,CHEBI:37476
306,CHEBI:51625,CHEBI:39750
307,CHEBI:51625,CHEBI:48242
308,CHEBI:51625,CHEBI:48510
309,CHEBI:51625,CHEBI:50629
310,CHEBI:51625,CHEBI:52618
311,CHEBI:51625,CHEBI:53209
312,CHEBI:51625,CHEBI:616
313,CHEBI:51625,CHEBI:6476
314,CHEBI:51625,CHEBI:69014
315,CHEBI:51625,CHEBI:7062
316,CHEBI:51625,CHEBI:7642
317,CHEBI:51625,CHEBI:7728
318,CHEBI:51625,CHEBI:99265
319,CHEBI:17123,CHEBI:100636
320,CHEBI:17123,CHEBI:124254
321,CHEBI:17123,CHEBI:130121
322,CHEBI:17123,CHEBI:15825
323,CHEBI:17123,CHEBI:160
324,CHEBI:17123,CHEBI:16108
325,CHEBI:17123,CHEBI:16358
326,CHEBI:17123,CHEBI:166
327,CHEBI:17123,CHEBI:17020
328,CHEBI:17123,CHEBI:27825
329,CHEBI:17123,CHEBI:30718
330,CHEBI:17123,CHEBI:39750
331,CHEBI:17123,CHEBI:616
332,CHEBI:17123,CHEBI:6427
333,CHEBI:17123,CHEBI:7728
334,CHEBI:17123,CHEBI:78496
335,CHEBI:59511,CHEBI:100636
336,CHEBI:59511,CHEBI:119602
337,CHEBI:59511,CHEBI:124254
338,CHEBI:59511,CHEBI:15555
339,CHEBI:59511,CHEBI:15825
340,CHEBI:59511,CHEBI:16358
341,CHEBI:59511,CHEBI:166
342,CHEBI:59511,CHEBI:17020
343,CHEBI:59511,CHEBI:17344
344,CHEBI:59511,CHEBI:17886
345,CHEBI:59511,CHEBI:2212
346,CHEBI:59511,CHEBI:2724
347,CHEBI:59511,CHEBI:28996
348,CHEBI:59511,CHEBI:30718
349,CHEBI:59511,CHEBI:36244
350,CHEBI:59511,CHEBI:39750
351,CHEBI:59511,CHEBI:616
352,CHEBI:59511,CHEBI:7728
353,CHEBI:59511,CHEBI:78734
354,CHEBI:75947,CHEBI:124254
355,CHEBI:75947,CHEBI:15825
356,CHEBI:75947,CHEBI:16108
357,CHEBI:75947,CHEBI:27825
358,CHEBI:75947,CHEBI:29001
359,CHEBI:73823,CHEBI:100636
360,CHEBI:73823,CHEBI:124254
361,CHEBI:73823,CHEBI:15448
362,CHEBI:73823,CHEBI:15580
363,CHEBI:73823,CHEBI:15825
364,CHEBI:73823,CHEBI:16286
365,CHEBI:73823,CHEBI:166
366,CHEBI:73823,CHEBI:16752
367,CHEBI:73823,CHEBI:17020
368,CHEBI:73823,CHEBI:20
369,CHEBI:73823,CHEBI:212
370,CHEBI:73823,CHEBI:2220
371,CHEBI:73823,CHEBI:27460
372,CHEBI:73823,CHEBI:27808
373,CHEBI:73823,CHEBI:27825
374,CHEBI:73823,CHEBI:28142
375,CHEBI:73823,CHEBI:30718
376,CHEBI:73823,CHEBI:31254
377,CHEBI:73823,CHEBI:3188
378,CHEBI:73823,CHEBI:34809
379,CHEBI:73823,CHEBI:34810
380,CHEBI:73823,CHEBI:37476
381,CHEBI:73823,CHEBI:39750
382,CHEBI:73823,CHEBI:48242
383,CHEBI:73823,CHEBI:48510
384,CHEBI:73823,CHEBI:616
385,CHEBI:73823,CHEBI:7728
386,CHEBI:72573,CHEBI:100636
387,CHEBI:72573,CHEBI:102152
388,CHEBI:72573,CHEBI:1110
389,CHEBI:72573,CHEBI:124254
390,CHEBI:72573,CHEBI:15618
391,CHEBI:72573,CHEBI:15825
392,CHEBI:72573,CHEBI:166
393,CHEBI:72573,CHEBI:17020
394,CHEBI:72573,CHEBI:18400
395,CHEBI:72573,CHEBI:27825
396,CHEBI:72573,CHEBI:27967
397,CHEBI:72573,CHEBI:28770
398,CHEBI:72573,CHEBI:30718
399,CHEBI:72573,CHEBI:32796
400,CHEBI:72573,CHEBI:34809
401,CHEBI:72573,CHEBI:34810
402,CHEBI:72573,CHEBI:37476
403,CHEBI:72573,CHEBI:39750
404,CHEBI:72573,CHEBI:48242
405,CHEBI:72573,CHEBI:616
406,CHEBI:72573,CHEBI:69014
407,CHEBI:72573,CHEBI:7728
408,CHEBI:80319,CHEBI:100636
409,CHEBI:80319,CHEBI:110
410,CHEBI:80319,CHEBI:124254
411,CHEBI:80319,CHEBI:15825
412,CHEBI:80319,CHEBI:16358
413,CHEBI:80319,CHEBI:166
414,CHEBI:80319,CHEBI:17020
415,CHEBI:80319,CHEBI:30718
416,CHEBI:80319,CHEBI:36244
417,CHEBI:80319,CHEBI:39750
418,CHEBI:80319,CHEBI:616
419,CHEBI:80319,CHEBI:7728
420,CHEBI:24329,CHEBI:100636
421,CHEBI:24329,CHEBI:124254
422,CHEBI:24329,CHEBI:130121
423,CHEBI:24329,CHEBI:15825
424,CHEBI:24329,CHEBI:160
425,CHEBI:24329,CHEBI:16108
426,CHEBI:24329,CHEBI:16358
427,CHEBI:24329,CHEBI:166
428,CHEBI:24329,CHEBI:17020
429,CHEBI:24329,CHEBI:27825
430,CHEBI:24329,CHEBI:30718
431,CHEBI:24329,CHEBI:39750
432,CHEBI:24329,CHEBI:616
433,CHEBI:24329,CHEBI:6427
434,CHEBI:24329,CHEBI:7728
435,CHEBI:24329,CHEBI:78496
436,CHEBI:38131,CHEBI:100636
437,CHEBI:38131,CHEBI:1110
438,CHEBI:38131,CHEBI:124254
439,CHEBI:38131,CHEBI:140622
440,CHEBI:38131,CHEBI:15492
441,CHEBI:38131,CHEBI:15825
442,CHEBI:38131,CHEBI:15885
443,CHEBI:38131,CHEBI:166
444,CHEBI:38131,CHEBI:17020
445,CHEBI:38131,CHEBI:17784
446,CHEBI:38131,CHEBI:27633
447,CHEBI:38131,CHEBI:27808
448,CHEBI:38131,CHEBI:27825
449,CHEBI:38131,CHEBI:30717
450,CHEBI:38131,CHEBI:30718
451,CHEBI:38131,CHEBI:3190
452,CHEBI:38131,CHEBI:34809
453,CHEBI:38131,CHEBI:34810
454,CHEBI:38131,CHEBI:37476
455,CHEBI:38131,CHEBI:39750
456,CHEBI:38131,CHEBI:48242
457,CHEBI:38131,CHEBI:48510
458,CHEBI:38131,CHEBI:598
459,CHEBI:38131,CHEBI:616
460,CHEBI:38131,CHEBI:7728
461,CHEBI:78591,CHEBI:100636
462,CHEBI:78591,CHEBI:124254
463,CHEBI:78591,CHEBI:15825
464,CHEBI:78591,CHEBI:166
465,CHEBI:78591,CHEBI:17020
466,CHEBI:78591,CHEBI:17344
467,CHEBI:78591,CHEBI:27651
468,CHEBI:78591,CHEBI:27743
469,CHEBI:78591,CHEBI:27825
470,CHEBI:78591,CHEBI:28138
471,CHEBI:78591,CHEBI:28347
472,CHEBI:78591,CHEBI:28359
473,CHEBI:78591,CHEBI:28502
474,CHEBI:78591,CHEBI:30718
475,CHEBI:78591,CHEBI:37476
476,CHEBI:78591,CHEBI:39750
477,CHEBI:78591,CHEBI:48242
478,CHEBI:78591,CHEBI:5822
479,CHEBI:78591,CHEBI:616
480,CHEBI:78591,CHEBI:75308
481,CHEBI:78591,CHEBI:7728
482,CHEBI:135605,CHEBI:100636
483,CHEBI:135605,CHEBI:124254
484,CHEBI:135605,CHEBI:15696
485,CHEBI:135605,CHEBI:15825
486,CHEBI:135605,CHEBI:16286
487,CHEBI:135605,CHEBI:166
488,CHEBI:135605,CHEBI:16850
489,CHEBI:135605,CHEBI:18400
490,CHEBI:135605,CHEBI:2030
491,CHEBI:135605,CHEBI:212
492,CHEBI:135605,CHEBI:2220
493,CHEBI:135605,CHEBI:27808
494,CHEBI:135605,CHEBI:27825
495,CHEBI:135605,CHEBI:28142
496,CHEBI:135605,CHEBI:34809
497,CHEBI:135605,CHEBI:34810
498,CHEBI:135605,CHEBI:37476
499,CHEBI:135605,CHEBI:39750
500,CHEBI:135605,CHEBI:48242
501,CHEBI:135605,CHEBI:48510
502,CHEBI:135605,CHEBI:52618
503,CHEBI:135605,CHEBI:69014
504,CHEBI:135605,CHEBI:7728
505,CHEBI:4995,CHEBI:100636
506,CHEBI:4995,CHEBI:124254
507,CHEBI:4995,CHEBI:15448
508,CHEBI:4995,CHEBI:15580
509,CHEBI:4995,CHEBI:15825
510,CHEBI:4995,CHEBI:16286
511,CHEBI:4995,CHEBI:166
512,CHEBI:4995,CHEBI:16752
513,CHEBI:4995,CHEBI:17020
514,CHEBI:4995,CHEBI:20
515,CHEBI:4995,CHEBI:212
516,CHEBI:4995,CHEBI:2220
517,CHEBI:4995,CHEBI:27460
518,CHEBI:4995,CHEBI:27808
519,CHEBI:4995,CHEBI:27825
520,CHEBI:4995,CHEBI:28142
521,CHEBI:4995,CHEBI:30718
522,CHEBI:4995,CHEBI:31254
523,CHEBI:4995,CHEBI:3188
524,CHEBI:4995,CHEBI:34809
525,CHEBI:4995,CHEBI:34810
526,CHEBI:4995,CHEBI:37476
527,CHEBI:4995,CHEBI:39750
528,CHEBI:4995,CHEBI:48242
529,CHEBI:4995,CHEBI:48510
530,CHEBI:4995,CHEBI:616
531,CHEBI:4995,CHEBI:7728
532,CHEBI:5829,CHEBI:100636
533,CHEBI:5829,CHEBI:105046
534,CHEBI:5829,CHEBI:124254
535,CHEBI:5829,CHEBI:15825
536,CHEBI:5829,CHEBI:15950
537,CHEBI:5829,CHEBI:16286
538,CHEBI:5829,CHEBI:166
539,CHEBI:5829,CHEBI:16632
540,CHEBI:5829,CHEBI:185462
541,CHEBI:5829,CHEBI:212
542,CHEBI:5829,CHEBI:2220
543,CHEBI:5829,CHEBI:27808
544,CHEBI:5829,CHEBI:27825
545,CHEBI:5829,CHEBI:28142
546,CHEBI:5829,CHEBI:29055
547,CHEBI:5829,CHEBI:30796
548,CHEBI:5829,CHEBI:34809
549,CHEBI:5829,CHEBI:34810
550,CHEBI:5829,CHEBI:37476
551,CHEBI:5829,CHEBI:39750
552,CHEBI:5829,CHEBI:48242
553,CHEBI:5829,CHEBI:48510
554,CHEBI:5829,CHEBI:7728
555,CHEBI:5829,CHEBI:84001
556,CHEBI:44115,CHEBI:100743
557,CHEBI:44115,CHEBI:102152
558,CHEBI:44115,CHEBI:1040
559,CHEBI:44115,CHEBI:124254
560,CHEBI:44115,CHEBI:15825
561,CHEBI:44115,CHEBI:166
562,CHEBI:44115,CHEBI:18400
563,CHEBI:44115,CHEBI:27722
564,CHEBI:44115,CHEBI:27825
565,CHEBI:44115,CHEBI:27967
566,CHEBI:44115,CHEBI:29055
567,CHEBI:44115,CHEBI:34809
568,CHEBI:44115,CHEBI:34810
569,CHEBI:44115,CHEBI:37476
570,CHEBI:44115,CHEBI:39750
571,CHEBI:44115,CHEBI:4286
572,CHEBI:44115,CHEBI:48242
573,CHEBI:44115,CHEBI:50629
574,CHEBI:44115,CHEBI:69014
575,CHEBI:44115,CHEBI:7728
576,CHEBI:52255,CHEBI:100636
577,CHEBI:52255,CHEBI:124254
578,CHEBI:52255,CHEBI:15444
579,CHEBI:52255,CHEBI:15825
580,CHEBI:52255,CHEBI:16286
581,CHEBI:52255,CHEBI:166
582,CHEBI:52255,CHEBI:18400
583,CHEBI:52255,CHEBI:212
584,CHEBI:52255,CHEBI:2220
585,CHEBI:52255,CHEBI:27808
586,CHEBI:52255,CHEBI:27825
587,CHEBI:52255,CHEBI:28142
588,CHEBI:52255,CHEBI:34809
589,CHEBI:52255,CHEBI:34810
590,CHEBI:52255,CHEBI:37476
591,CHEBI:52255,CHEBI:39750
592,CHEBI:52255,CHEBI:48242
593,CHEBI:52255,CHEBI:48510
594,CHEBI:52255,CHEBI:69014
595,CHEBI:52255,CHEBI:7728
596,CHEBI:138729,CHEBI:124254
597,CHEBI:138729,CHEBI:15580
598,CHEBI:138729,CHEBI:15825
599,CHEBI:138729,CHEBI:16286
600,CHEBI:138729,CHEBI:166
601,CHEBI:138729,CHEBI:18400
602,CHEBI:138729,CHEBI:242
603,CHEBI:138729,CHEBI:27825
604,CHEBI:138729,CHEBI:28142
605,CHEBI:138729,CHEBI:34809
606,CHEBI:138729,CHEBI:34810
607,CHEBI:138729,CHEBI:37476
608,CHEBI:138729,CHEBI:39750
609,CHEBI:138729,CHEBI:48242
610,CHEBI:138729,CHEBI:69014
611,CHEBI:138729,CHEBI:7728
612,CHEBI:134105,CHEBI:100636
613,CHEBI:134105,CHEBI:124254
614,CHEBI:134105,CHEBI:15492
615,CHEBI:134105,CHEBI:15825
616,CHEBI:134105,CHEBI:166
617,CHEBI:134105,CHEBI:16725
618,CHEBI:134105,CHEBI:17038
619,CHEBI:134105,CHEBI:27825
620,CHEBI:134105,CHEBI:282
621,CHEBI:134105,CHEBI:28656
622,CHEBI:134105,CHEBI:39750
623,CHEBI:134105,CHEBI:53209
624,CHEBI:134105,CHEBI:7728
625,CHEBI:24315,CHEBI:100636
626,CHEBI:24315,CHEBI:124254
627,CHEBI:24315,CHEBI:129650
628,CHEBI:24315,CHEBI:140622
629,CHEBI:24315,CHEBI:15492
630,CHEBI:24315,CHEBI:15657
631,CHEBI:24315,CHEBI:15825
632,CHEBI:24315,CHEBI:16352
633,CHEBI:24315,CHEBI:166
634,CHEBI:24315,CHEBI:17020
635,CHEBI:24315,CHEBI:17065
636,CHEBI:24315,CHEBI:17546
637,CHEBI:24315,CHEBI:18400
638,CHEBI:24315,CHEBI:27825
639,CHEBI:24315,CHEBI:28071
640,CHEBI:24315,CHEBI:28234
641,CHEBI:24315,CHEBI:28359
642,CHEBI:24315,CHEBI:28502
643,CHEBI:24315,CHEBI:30717
644,CHEBI:24315,CHEBI:30718
645,CHEBI:24315,CHEBI:34809
646,CHEBI:24315,CHEBI:34810
647,CHEBI:24315,CHEBI:37476
648,CHEBI:24315,CHEBI:39750
649,CHEBI:24315,CHEBI:48242
650,CHEBI:24315,CHEBI:5640
651,CHEBI:24315,CHEBI:598
652,CHEBI:24315,CHEBI:616
653,CHEBI:24315,CHEBI:69014
654,CHEBI:24315,CHEBI:7728
655,CHEBI:31307,CHEBI:100636
656,CHEBI:31307,CHEBI:10112
657,CHEBI:31307,CHEBI:124254
658,CHEBI:31307,CHEBI:129650
659,CHEBI:31307,CHEBI:140622
660,CHEBI:31307,CHEBI:15492
661,CHEBI:31307,CHEBI:15657
662,CHEBI:31307,CHEBI:15825
663,CHEBI:31307,CHEBI:16074
664,CHEBI:31307,CHEBI:16286
665,CHEBI:31307,CHEBI:166
666,CHEBI:31307,CHEBI:16770
667,CHEBI:31307,CHEBI:17020
668,CHEBI:31307,CHEBI:17330
669,CHEBI:31307,CHEBI:18298
670,CHEBI:31307,CHEBI:20384
671,CHEBI:31307,CHEBI:2220
672,CHEBI:31307,CHEBI:27651
673,CHEBI:31307,CHEBI:27739
674,CHEBI:31307,CHEBI:27825
675,CHEBI:31307,CHEBI:28071
676,CHEBI:31307,CHEBI:28142
677,CHEBI:31307,CHEBI:28359
678,CHEBI:31307,CHEBI:28502
679,CHEBI:31307,CHEBI:28708
680,CHEBI:31307,CHEBI:30717
681,CHEBI:31307,CHEBI:30718
682,CHEBI:31307,CHEBI:37476
683,CHEBI:31307,CHEBI:39750
684,CHEBI:31307,CHEBI:47029
685,CHEBI:31307,CHEBI:48242
686,CHEBI:31307,CHEBI:616
687,CHEBI:31307,CHEBI:6690
688,CHEBI:31307,CHEBI:67246
689,CHEBI:31307,CHEBI:7020
690,CHEBI:31307,CHEBI:7728
691,CHEBI:31307,CHEBI:8036
692,CHEBI:31307,CHEBI:89678
693,CHEBI:31307,CHEBI:9424
694,CHEBI:76605,CHEBI:124254
695,CHEBI:76605,CHEBI:15825
696,CHEBI:76605,CHEBI:166
697,CHEBI:76605,CHEBI:17344
698,CHEBI:76605,CHEBI:28416
699,CHEBI:76605,CHEBI:28996
700,CHEBI:76605,CHEBI:39750
701,CHEBI:76605,CHEBI:7728
702,CHEBI:76605,CHEBI:78734
703,CHEBI:46771,CHEBI:100636
704,CHEBI:46771,CHEBI:124254
705,CHEBI:46771,CHEBI:15386
706,CHEBI:46771,CHEBI:15555
707,CHEBI:46771,CHEBI:15825
708,CHEBI:46771,CHEBI:16358
709,CHEBI:46771,CHEBI:16599
710,CHEBI:46771,CHEBI:166
711,CHEBI:46771,CHEBI:17020
712,CHEBI:46771,CHEBI:17886
713,CHEBI:46771,CHEBI:28045
714,CHEBI:46771,CHEBI:28571
715,CHEBI:46771,CHEBI:28602
716,CHEBI:46771,CHEBI:30718
717,CHEBI:46771,CHEBI:36244
718,CHEBI:46771,CHEBI:3642
719,CHEBI:46771,CHEBI:39750
720,CHEBI:46771,CHEBI:616
721,CHEBI:46771,CHEBI:7036
722,CHEBI:46771,CHEBI:7520
723,CHEBI:46771,CHEBI:76085
724,CHEBI:46771,CHEBI:7728
725,CHEBI:46771,CHEBI:95059
726,CHEBI:25907,CHEBI:100636
727,CHEBI:25907,CHEBI:110792
728,CHEBI:25907,CHEBI:117704
729,CHEBI:25907,CHEBI:124254
730,CHEBI:25907,CHEBI:15470
731,CHEBI:25907,CHEBI:15492
732,CHEBI:25907,CHEBI:15728
733,CHEBI:25907,CHEBI:15825
734,CHEBI:25907,CHEBI:16286
735,CHEBI:25907,CHEBI:166
736,CHEBI:25907,CHEBI:16652
737,CHEBI:25907,CHEBI:166816
738,CHEBI:25907,CHEBI:16936
739,CHEBI:25907,CHEBI:17020
740,CHEBI:25907,CHEBI:17221
741,CHEBI:25907,CHEBI:17225
742,CHEBI:25907,CHEBI:17344
743,CHEBI:25907,CHEBI:18169
744,CHEBI:25907,CHEBI:18375
745,CHEBI:25907,CHEBI:18417
746,CHEBI:25907,CHEBI:21494
747,CHEBI:25907,CHEBI:2220
748,CHEBI:25907,CHEBI:27399
749,CHEBI:25907,CHEBI:27651
750,CHEBI:25907,CHEBI:27825
751,CHEBI:25907,CHEBI:28142
752,CHEBI:25907,CHEBI:28632
753,CHEBI:25907,CHEBI:30718
754,CHEBI:25907,CHEBI:33390
755,CHEBI:25907,CHEBI:3369
756,CHEBI:25907,CHEBI:3514
757,CHEBI:25907,CHEBI:37476
758,CHEBI:25907,CHEBI:39750
759,CHEBI:25907,CHEBI:42896
760,CHEBI:25907,CHEBI:48242
761,CHEBI:25907,CHEBI:5822
762,CHEBI:25907,CHEBI:616
763,CHEBI:25907,CHEBI:636
764,CHEBI:25907,CHEBI:67134
765,CHEBI:25907,CHEBI:68991
766,CHEBI:25907,CHEBI:72313
767,CHEBI:25907,CHEBI:72314
768,CHEBI:25907,CHEBI:72687
769,CHEBI:25907,CHEBI:75572
770,CHEBI:25907,CHEBI:7728
771,CHEBI:25907,CHEBI:7862
772,CHEBI:25907,CHEBI:88197
773,CHEBI:25907,CHEBI:89678
774,CHEBI:25907,CHEBI:94290
775,CHEBI:9725,CHEBI:124254
776,CHEBI:9725,CHEBI:15825
777,CHEBI:9725,CHEBI:166
778,CHEBI:9725,CHEBI:16871
779,CHEBI:9725,CHEBI:17077
780,CHEBI:9725,CHEBI:18400
781,CHEBI:9725,CHEBI:27825
782,CHEBI:9725,CHEBI:34809
783,CHEBI:9725,CHEBI:34810
784,CHEBI:9725,CHEBI:37476
785,CHEBI:9725,CHEBI:39750
786,CHEBI:9725,CHEBI:48242
787,CHEBI:9725,CHEBI:69014
788,CHEBI:9725,CHEBI:7728
789,CHEBI:133749,CHEBI:15825
790,CHEBI:133749,CHEBI:16290
791,CHEBI:133749,CHEBI:16885
792,CHEBI:133749,CHEBI:28816
793,CHEBI:133749,CHEBI:32971
794,CHEBI:133749,CHEBI:38982
795,CHEBI:137947,CHEBI:124254
796,CHEBI:137947,CHEBI:15825
797,CHEBI:137947,CHEBI:166
798,CHEBI:137947,CHEBI:17344
799,CHEBI:137947,CHEBI:28435
800,CHEBI:137947,CHEBI:28996
801,CHEBI:137947,CHEBI:39750
802,CHEBI:137947,CHEBI:7728
803,CHEBI:137947,CHEBI:78734
804,CHEBI:16555,CHEBI:100636
805,CHEBI:16555,CHEBI:124254
806,CHEBI:16555,CHEBI:15398
807,CHEBI:16555,CHEBI:15825
808,CHEBI:16555,CHEBI:16286
809,CHEBI:16555,CHEBI:166
810,CHEBI:16555,CHEBI:180399
811,CHEBI:16555,CHEBI:212
812,CHEBI:16555,CHEBI:2220
813,CHEBI:16555,CHEBI:27808
814,CHEBI:16555,CHEBI:27825
815,CHEBI:16555,CHEBI:28142
816,CHEBI:16555,CHEBI:28265
817,CHEBI:16555,CHEBI:34809
818,CHEBI:16555,CHEBI:34810
819,CHEBI:16555,CHEBI:37476
820,CHEBI:16555,CHEBI:39750
821,CHEBI:16555,CHEBI:48242
822,CHEBI:16555,CHEBI:48510
823,CHEBI:16555,CHEBI:7728
824,CHEBI:16555,CHEBI:89900
825,CHEBI:16555,CHEBI:99265
826,CHEBI:17189,CHEBI:100636
827,CHEBI:17189,CHEBI:124254
828,CHEBI:17189,CHEBI:15580
829,CHEBI:17189,CHEBI:15653
830,CHEBI:17189,CHEBI:15825
831,CHEBI:17189,CHEBI:16286
832,CHEBI:17189,CHEBI:166
833,CHEBI:17189,CHEBI:17020
834,CHEBI:17189,CHEBI:2220
835,CHEBI:17189,CHEBI:27460
836,CHEBI:17189,CHEBI:27739
837,CHEBI:17189,CHEBI:28142
838,CHEBI:17189,CHEBI:30718
839,CHEBI:17189,CHEBI:3188
840,CHEBI:17189,CHEBI:39750
841,CHEBI:17189,CHEBI:616
842,CHEBI:17189,CHEBI:7728
843,CHEBI:60175,CHEBI:100636
844,CHEBI:60175,CHEBI:114
845,CHEBI:60175,CHEBI:124254
846,CHEBI:60175,CHEBI:15580
847,CHEBI:60175,CHEBI:15825
848,CHEBI:60175,CHEBI:16286
849,CHEBI:60175,CHEBI:166
850,CHEBI:60175,CHEBI:17020
851,CHEBI:60175,CHEBI:2220
852,CHEBI:60175,CHEBI:27460
853,CHEBI:60175,CHEBI:28142
854,CHEBI:60175,CHEBI:28708
855,CHEBI:60175,CHEBI:30718
856,CHEBI:60175,CHEBI:3188
857,CHEBI:60175,CHEBI:39750
858,CHEBI:60175,CHEBI:616
859,CHEBI:60175,CHEBI:7728
860,CHEBI:48981,CHEBI:100636
861,CHEBI:48981,CHEBI:124254
862,CHEBI:48981,CHEBI:15492
863,CHEBI:48981,CHEBI:15579
864,CHEBI:48981,CHEBI:15580
865,CHEBI:48981,CHEBI:15728
866,CHEBI:48981,CHEBI:15825
867,CHEBI:48981,CHEBI:16286
868,CHEBI:48981,CHEBI:16358
869,CHEBI:48981,CHEBI:163778
870,CHEBI:48981,CHEBI:166
871,CHEBI:48981,CHEBI:16936
872,CHEBI:48981,CHEBI:17020
873,CHEBI:48981,CHEBI:17225
874,CHEBI:48981,CHEBI:18169
875,CHEBI:48981,CHEBI:18348
876,CHEBI:48981,CHEBI:27399
877,CHEBI:48981,CHEBI:27651
878,CHEBI:48981,CHEBI:27825
879,CHEBI:48981,CHEBI:30718
880,CHEBI:48981,CHEBI:33390
881,CHEBI:48981,CHEBI:36244
882,CHEBI:48981,CHEBI:39750
883,CHEBI:48981,CHEBI:42896
884,CHEBI:48981,CHEBI:616
885,CHEBI:48981,CHEBI:7728
886,CHEBI:48981,CHEBI:89678
887,CHEBI:48981,CHEBI:94290
888,CHEBI:48981,CHEBI:9496
889,CHEBI:22338,CHEBI:124254
890,CHEBI:22338,CHEBI:15825
891,CHEBI:22338,CHEBI:166
892,CHEBI:22338,CHEBI:17344
893,CHEBI:22338,CHEBI:39750
894,CHEBI:22338,CHEBI:5822
895,CHEBI:22338,CHEBI:7728
896,CHEBI:81064,CHEBI:100636
897,CHEBI:81064,CHEBI:124254
898,CHEBI:81064,CHEBI:130121
899,CHEBI:81064,CHEBI:15825
900,CHEBI:81064,CHEBI:16358
901,CHEBI:81064,CHEBI:166
902,CHEBI:81064,CHEBI:17020
903,CHEBI:81064,CHEBI:29173
904,CHEBI:81064,CHEBI:30718
905,CHEBI:81064,CHEBI:36244
906,CHEBI:81064,CHEBI:39750
907,CHEBI:81064,CHEBI:48468
908,CHEBI:81064,CHEBI:616
909,CHEBI:81064,CHEBI:7728
910,CHEBI:10283,CHEBI:100636
911,CHEBI:10283,CHEBI:10284
912,CHEBI:10283,CHEBI:104018
913,CHEBI:10283,CHEBI:113782
914,CHEBI:10283,CHEBI:124254
915,CHEBI:10283,CHEBI:127070
916,CHEBI:10283,CHEBI:15492
917,CHEBI:10283,CHEBI:15579
918,CHEBI:10283,CHEBI:15580
919,CHEBI:10283,CHEBI:15728
920,CHEBI:10283,CHEBI:158014
921,CHEBI:10283,CHEBI:15825
922,CHEBI:10283,CHEBI:16286
923,CHEBI:10283,CHEBI:16358
924,CHEBI:10283,CHEBI:163778
925,CHEBI:10283,CHEBI:166
926,CHEBI:10283,CHEBI:16614
927,CHEBI:10283,CHEBI:16632
928,CHEBI:10283,CHEBI:16693
929,CHEBI:10283,CHEBI:16825
930,CHEBI:10283,CHEBI:16864
931,CHEBI:10283,CHEBI:16936
932,CHEBI:10283,CHEBI:17020
933,CHEBI:10283,CHEBI:17225
934,CHEBI:10283,CHEBI:18169
935,CHEBI:10283,CHEBI:18348
936,CHEBI:10283,CHEBI:18400
937,CHEBI:10283,CHEBI:212
938,CHEBI:10283,CHEBI:2220
939,CHEBI:10283,CHEBI:27399
940,CHEBI:10283,CHEBI:27446
941,CHEBI:10283,CHEBI:27651
942,CHEBI:10283,CHEBI:27808
943,CHEBI:10283,CHEBI:27825
944,CHEBI:10283,CHEBI:28142
945,CHEBI:10283,CHEBI:28394
946,CHEBI:10283,CHEBI:28495
947,CHEBI:10283,CHEBI:28740
948,CHEBI:10283,CHEBI:29055
949,CHEBI:10283,CHEBI:30718
950,CHEBI:10283,CHEBI:32878
951,CHEBI:10283,CHEBI:33390
952,CHEBI:10283,CHEBI:34809
953,CHEBI:10283,CHEBI:34810
954,CHEBI:10283,CHEBI:36244
955,CHEBI:10283,CHEBI:37476
956,CHEBI:10283,CHEBI:39750
957,CHEBI:10283,CHEBI:42896
958,CHEBI:10283,CHEBI:48242
959,CHEBI:10283,CHEBI:48510
960,CHEBI:10283,CHEBI:48981
961,CHEBI:10283,CHEBI:50629
962,CHEBI:10283,CHEBI:52618
963,CHEBI:10283,CHEBI:616
964,CHEBI:10283,CHEBI:6476
965,CHEBI:10283,CHEBI:69014
966,CHEBI:10283,CHEBI:7728
967,CHEBI:10283,CHEBI:89678
968,CHEBI:10283,CHEBI:94290
969,CHEBI:10283,CHEBI:9496
970,CHEBI:24669,CHEBI:100636
971,CHEBI:24669,CHEBI:124254
972,CHEBI:24669,CHEBI:15825
973,CHEBI:24669,CHEBI:166
974,CHEBI:24669,CHEBI:16632
975,CHEBI:24669,CHEBI:16825
976,CHEBI:24669,CHEBI:17020
977,CHEBI:24669,CHEBI:17784
978,CHEBI:24669,CHEBI:228
979,CHEBI:24669,CHEBI:27808
980,CHEBI:24669,CHEBI:27825
981,CHEBI:24669,CHEBI:29055
982,CHEBI:24669,CHEBI:30718
983,CHEBI:24669,CHEBI:34809
984,CHEBI:24669,CHEBI:34810
985,CHEBI:24669,CHEBI:37476
986,CHEBI:24669,CHEBI:39750
987,CHEBI:24669,CHEBI:48242
988,CHEBI:24669,CHEBI:48510
989,CHEBI:24669,CHEBI:50629
990,CHEBI:24669,CHEBI:616
991,CHEBI:24669,CHEBI:7728
992,CHEBI:51123,CHEBI:100636
993,CHEBI:51123,CHEBI:102152
994,CHEBI:51123,CHEBI:1110
995,CHEBI:51123,CHEBI:124254
996,CHEBI:51123,CHEBI:15618
997,CHEBI:51123,CHEBI:15825
998,CHEBI:51123,CHEBI:166
999,CHEBI:51123,CHEBI:17020
