comp_1,comp_2,smile_1,smile_2
CHEBI:6699,CHEBI:30718,C[C@H]1[C@H]2[C@H](OC1=O)[C@@H]1C(C=C[C@@]1(C)O)=C(C)C[C@@H]2OC(C)=O,N#[N][Mo+4]123([N]#N)[P-](CC[P-]1(c1ccccc1)c1ccccc1)(c1ccccc1)c1ccccc1.C(C[P-]2(c1ccccc1)c1ccccc1)[P-]3(c1ccccc1)c1ccccc1
CHEBI:6699,CHEBI:31254,C[C@H]1[C@H]2[C@H](OC1=O)[C@@H]1C(C=C[C@@]1(C)O)=C(C)C[C@@H]2OC(C)=O,O(CC(C[NH2+]C(C)C)O)C1=C2C(=CC=C1)C=C(O2)C(C)=O.[Cl-]
CHEBI:6699,CHEBI:3188,C[C@H]1[C@H]2[C@H](OC1=O)[C@@H]1C(C=C[C@@]1(C)O)=C(C)C[C@@H]2OC(C)=O,COC(=O)[C@]12OC[C@@]34[C@H]1[C@@H](OC(=O)\C=C(/C)C(C)C)C(=O)O[C@@H]3C[C@H]1C(C)=C(O)C(=O)C[C@]1(C)[C@H]4[C@@H](O)[C@@H]2O
CHEBI:6699,CHEBI:34809,C[C@H]1[C@H]2[C@H](OC1=O)[C@@H]1C(C=C[C@@]1(C)O)=C(C)C[C@@H]2OC(C)=O,CC(C)S(=O)(=O)NCC(C)c1ccc(NC(=O)c2ccccc2)cc1
CHEBI:6699,CHEBI:34810,C[C@H]1[C@H]2[C@H](OC1=O)[C@@H]1C(C=C[C@@]1(C)O)=C(C)C[C@@H]2OC(C)=O,[C@@H]1(O[C@H]([C@H](O)[C@H]([C@H]1O)O)O[C@@H]([C@@H]([C@H](CO)O)O)[C@@H](CO)O)CO.O.O
CHEBI:6699,CHEBI:37476,C[C@H]1[C@H]2[C@H](OC1=O)[C@@H]1C(C=C[C@@]1(C)O)=C(C)C[C@@H]2OC(C)=O,O[C@H]1C=Cc2c(ccc3ccccc23)[C@H]1O
CHEBI:6699,CHEBI:48242,C[C@H]1[C@H]2[C@H](OC1=O)[C@@H]1C(C=C[C@@]1(C)O)=C(C)C[C@@H]2OC(C)=O,O=[Cr]O[Cr]=O
CHEBI:6699,CHEBI:48510,C[C@H]1[C@H]2[C@H](OC1=O)[C@@H]1C(C=C[C@@]1(C)O)=C(C)C[C@@H]2OC(C)=O,O(S(C(F)(F)F)(=O)=O)*
CHEBI:6699,CHEBI:616,C[C@H]1[C@H]2[C@H](OC1=O)[C@@H]1C(C=C[C@@]1(C)O)=C(C)C[C@@H]2OC(C)=O,Cc1cc(C)n(CC(O)Cn2c3ccccc3c3ccccc23)n1
CHEBI:6699,CHEBI:7728,C[C@H]1[C@H]2[C@H](OC1=O)[C@@H]1C(C=C[C@@]1(C)O)=C(C)C[C@@H]2OC(C)=O,CCCCCCCCN
CHEBI:69579,CHEBI:100636,[H][C@@]12CC(C)(C)CC[C@@]1(CC[C@]1(C)C2=CC[C@]2([H])[C@@]3(C)CC[C@H](O)[C@@](C)(CO)[C@]3([H])CC[C@@]12C)C(O)=O,C[C@H]1CN[C@@H](COC2=C(C=C(C=C2)NC(=O)C3=NOC(=C3)C)C(=O)N(C[C@@H]1OC)C)C
CHEBI:69579,CHEBI:124254,[H][C@@]12CC(C)(C)CC[C@@]1(CC[C@]1(C)C2=CC[C@]2([H])[C@@]3(C)CC[C@H](O)[C@@](C)(CO)[C@]3([H])CC[C@@]12C)C(O)=O,C[C@H]1CN(C(=O)CC2=C(C=CC(=C2)NC(=O)C3CC3)O[C@H]1CN(C)CC4=CC=C(C=C4)C(=O)NC5=CC=CC=C5N)[C@H](C)CO
CHEBI:69579,CHEBI:15492,[H][C@@]12CC(C)(C)CC[C@@]1(CC[C@]1(C)C2=CC[C@]2([H])[C@@]3(C)CC[C@H](O)[C@@](C)(CO)[C@]3([H])CC[C@@]12C)C(O)=O,CC(C)(COP(O)(=O)OP(O)(=O)OC[C@H]1O[C@H]([C@H](O)[C@@H]1OP(O)(O)=O)n1cnc2c(N)ncnc12)[C@@H](O)C(=O)NCCC(=O)NCCSC(=O)CC(=O)CCCC(O)=O
CHEBI:69579,CHEBI:15580,[H][C@@]12CC(C)(C)CC[C@@]1(CC[C@]1(C)C2=CC[C@]2([H])[C@@]3(C)CC[C@H](O)[C@@](C)(CO)[C@]3([H])CC[C@@]12C)C(O)=O,CC[C@]1(C)O[C@@H]1CC\C(C)=C\CC\C(C)=C\C(O)=O
CHEBI:69579,CHEBI:15825,[H][C@@]12CC(C)(C)CC[C@@]1(CC[C@]1(C)C2=CC[C@]2([H])[C@@]3(C)CC[C@H](O)[C@@](C)(CO)[C@]3([H])CC[C@@]12C)C(O)=O,CC(C)=CC=O
CHEBI:69579,CHEBI:16286,[H][C@@]12CC(C)(C)CC[C@@]1(CC[C@]1(C)C2=CC[C@]2([H])[C@@]3(C)CC[C@H](O)[C@@](C)(CO)[C@]3([H])CC[C@@]12C)C(O)=O,[H][C@@]1(CC[C@@]2([H])C3=CC[C@@]4([H])[C@](C)(C=O)[C@@H](O)CC[C@]4(C)[C@@]3([H])CC[C@]12C)[C@H](C)CCCC(C)C
CHEBI:69579,CHEBI:166,[H][C@@]12CC(C)(C)CC[C@@]1(CC[C@]1(C)C2=CC[C@]2([H])[C@@]3(C)CC[C@H](O)[C@@](C)(CO)[C@]3([H])CC[C@@]12C)C(O)=O,C[C@H]1CC[C@H](CC1=O)C(C)=C
CHEBI:69579,CHEBI:18064,[H][C@@]12CC(C)(C)CC[C@@]1(CC[C@]1(C)C2=CC[C@]2([H])[C@@]3(C)CC[C@H](O)[C@@](C)(CO)[C@]3([H])CC[C@@]12C)C(O)=O,CC(CO)C(O)=O
CHEBI:69579,CHEBI:2700,[H][C@@]12CC(C)(C)CC[C@@]1(CC[C@]1(C)C2=CC[C@]2([H])[C@@]3(C)CC[C@H](O)[C@@](C)(CO)[C@]3([H])CC[C@@]12C)C(O)=O,CCCCC\C=C/C\C=C/C\C=C/C\C=C/CCCC(=O)NCCO
CHEBI:69579,CHEBI:27825,[H][C@@]12CC(C)(C)CC[C@@]1(CC[C@]1(C)C2=CC[C@]2([H])[C@@]3(C)CC[C@H](O)[C@@](C)(CO)[C@]3([H])CC[C@@]12C)C(O)=O,COc1cc(O)c2c(c1)oc(-c1ccc(OC)c(O)c1)c(OC)c2=O
CHEBI:69579,CHEBI:28142,[H][C@@]12CC(C)(C)CC[C@@]1(CC[C@]1(C)C2=CC[C@]2([H])[C@@]3(C)CC[C@H](O)[C@@](C)(CO)[C@]3([H])CC[C@@]12C)C(O)=O,OC(O)C(Cl)(Cl)Cl
CHEBI:69579,CHEBI:28598,[H][C@@]12CC(C)(C)CC[C@@]1(CC[C@]1(C)C2=CC[C@]2([H])[C@@]3(C)CC[C@H](O)[C@@](C)(CO)[C@]3([H])CC[C@@]12C)C(O)=O,C[C@@H](O)[C@@H](O)C(N)=O
CHEBI:69579,CHEBI:3188,[H][C@@]12CC(C)(C)CC[C@@]1(CC[C@]1(C)C2=CC[C@]2([H])[C@@]3(C)CC[C@H](O)[C@@](C)(CO)[C@]3([H])CC[C@@]12C)C(O)=O,COC(=O)[C@]12OC[C@@]34[C@H]1[C@@H](OC(=O)\C=C(/C)C(C)C)C(=O)O[C@@H]3C[C@H]1C(C)=C(O)C(=O)C[C@]1(C)[C@H]4[C@@H](O)[C@@H]2O
CHEBI:69579,CHEBI:7728,[H][C@@]12CC(C)(C)CC[C@@]1(CC[C@]1(C)C2=CC[C@]2([H])[C@@]3(C)CC[C@H](O)[C@@](C)(CO)[C@]3([H])CC[C@@]12C)C(O)=O,CCCCCCCCN
CHEBI:69579,CHEBI:89678,[H][C@@]12CC(C)(C)CC[C@@]1(CC[C@]1(C)C2=CC[C@]2([H])[C@@]3(C)CC[C@H](O)[C@@](C)(CO)[C@]3([H])CC[C@@]12C)C(O)=O,C([C@@](COC(CCCCCCCCC/C=C\CCCCCC)=O)(OC(CCCCCCC/C=C\CCCCCC)=O)[H])OP([O-])(=O)OCC[N+](C)(C)C
CHEBI:69829,CHEBI:100636,CC(C)(O)[C@H](O)COc1c2ccoc2cc2oc(=O)ccc12,C[C@H]1CN[C@@H](COC2=C(C=C(C=C2)NC(=O)C3=NOC(=C3)C)C(=O)N(C[C@@H]1OC)C)C
CHEBI:69829,CHEBI:124254,CC(C)(O)[C@H](O)COc1c2ccoc2cc2oc(=O)ccc12,C[C@H]1CN(C(=O)CC2=C(C=CC(=C2)NC(=O)C3CC3)O[C@H]1CN(C)CC4=CC=C(C=C4)C(=O)NC5=CC=CC=C5N)[C@H](C)CO
CHEBI:69829,CHEBI:15825,CC(C)(O)[C@H](O)COc1c2ccoc2cc2oc(=O)ccc12,CC(C)=CC=O
CHEBI:69829,CHEBI:16070,CC(C)(O)[C@H](O)COc1c2ccoc2cc2oc(=O)ccc12,OC[C@H]1OC[C@H](O)[C@@H](O)[C@@H]1O
CHEBI:69829,CHEBI:16286,CC(C)(O)[C@H](O)COc1c2ccoc2cc2oc(=O)ccc12,[H][C@@]1(CC[C@@]2([H])C3=CC[C@@]4([H])[C@](C)(C=O)[C@@H](O)CC[C@]4(C)[C@@]3([H])CC[C@]12C)[C@H](C)CCCC(C)C
CHEBI:69829,CHEBI:166,CC(C)(O)[C@H](O)COc1c2ccoc2cc2oc(=O)ccc12,C[C@H]1CC[C@H](CC1=O)C(C)=C
CHEBI:69829,CHEBI:18400,CC(C)(O)[C@H](O)COc1c2ccoc2cc2oc(=O)ccc12,OC1=CC(=O)C=CC1=O
CHEBI:69829,CHEBI:2220,CC(C)(O)[C@H](O)COc1c2ccoc2cc2oc(=O)ccc12,O[C@@H]1CO[C@@H](OC[C@H]2O[C@@H](O[*])[C@H](O)[C@@H](O)[C@@H]2O)[C@H](O)[C@H]1O
CHEBI:69829,CHEBI:27825,CC(C)(O)[C@H](O)COc1c2ccoc2cc2oc(=O)ccc12,COc1cc(O)c2c(c1)oc(-c1ccc(OC)c(O)c1)c(OC)c2=O
CHEBI:69829,CHEBI:28142,CC(C)(O)[C@H](O)COc1c2ccoc2cc2oc(=O)ccc12,OC(O)C(Cl)(Cl)Cl
CHEBI:69829,CHEBI:28708,CC(C)(O)[C@H](O)COc1c2ccoc2cc2oc(=O)ccc12,CC(C)c1cccc(O)c1O
CHEBI:69829,CHEBI:34809,CC(C)(O)[C@H](O)COc1c2ccoc2cc2oc(=O)ccc12,CC(C)S(=O)(=O)NCC(C)c1ccc(NC(=O)c2ccccc2)cc1
CHEBI:69829,CHEBI:34810,CC(C)(O)[C@H](O)COc1c2ccoc2cc2oc(=O)ccc12,[C@@H]1(O[C@H]([C@H](O)[C@H]([C@H]1O)O)O[C@@H]([C@@H]([C@H](CO)O)O)[C@@H](CO)O)CO.O.O
CHEBI:69829,CHEBI:37476,CC(C)(O)[C@H](O)COc1c2ccoc2cc2oc(=O)ccc12,O[C@H]1C=Cc2c(ccc3ccccc23)[C@H]1O
CHEBI:69829,CHEBI:48242,CC(C)(O)[C@H](O)COc1c2ccoc2cc2oc(=O)ccc12,O=[Cr]O[Cr]=O
CHEBI:69829,CHEBI:69014,CC(C)(O)[C@H](O)COc1c2ccoc2cc2oc(=O)ccc12,[H][C@@]12CC[C@H](C)c3c(O)c(O)c(C)c([C@@H](C[C@@H]1C)C=C(C)C)c23
CHEBI:69829,CHEBI:7728,CC(C)(O)[C@H](O)COc1c2ccoc2cc2oc(=O)ccc12,CCCCCCCCN
CHEBI:70353,CHEBI:100636,COc1cc(CC=C)c(OC)c2OCOc12,C[C@H]1CN[C@@H](COC2=C(C=C(C=C2)NC(=O)C3=NOC(=C3)C)C(=O)N(C[C@@H]1OC)C)C
CHEBI:70353,CHEBI:124254,COc1cc(CC=C)c(OC)c2OCOc12,C[C@H]1CN(C(=O)CC2=C(C=CC(=C2)NC(=O)C3CC3)O[C@H]1CN(C)CC4=CC=C(C=C4)C(=O)NC5=CC=CC=C5N)[C@H](C)CO
CHEBI:70353,CHEBI:15398,COc1cc(CC=C)c(OC)c2OCOc12,[H][C@]12CC(=O)[C@](C)(C[C@H]1O)C2(C)C
CHEBI:70353,CHEBI:15667,COc1cc(CC=C)c(OC)c2OCOc12,[H]\C(Cc1ccc(O)cc1)=N\O
CHEBI:70353,CHEBI:15825,COc1cc(CC=C)c(OC)c2OCOc12,CC(C)=CC=O
CHEBI:70353,CHEBI:16286,COc1cc(CC=C)c(OC)c2OCOc12,[H][C@@]1(CC[C@@]2([H])C3=CC[C@@]4([H])[C@](C)(C=O)[C@@H](O)CC[C@]4(C)[C@@]3([H])CC[C@]12C)[C@H](C)CCCC(C)C
CHEBI:70353,CHEBI:166,COc1cc(CC=C)c(OC)c2OCOc12,C[C@H]1CC[C@H](CC1=O)C(C)=C
CHEBI:70353,CHEBI:16712,COc1cc(CC=C)c(OC)c2OCOc12,O[C@H](CS(O)(=O)=O)C(O)=O
CHEBI:70353,CHEBI:180399,COc1cc(CC=C)c(OC)c2OCOc12,O(C1=C(OC)C=CC(=C1)C=C)C
CHEBI:70353,CHEBI:212,COc1cc(CC=C)c(OC)c2OCOc12,CC(=O)CC[C@@H](CC(=O)SCCNC(=O)CCNC(=O)[C@H](O)C(C)(C)COP(O)(=O)OP(O)(=O)OC[C@H]1O[C@H]([C@H](O)[C@@H]1OP(O)(O)=O)n1cnc2c(N)ncnc12)C(C)=C
CHEBI:70353,CHEBI:2220,COc1cc(CC=C)c(OC)c2OCOc12,O[C@@H]1CO[C@@H](OC[C@H]2O[C@@H](O[*])[C@H](O)[C@@H](O)[C@@H]2O)[C@H](O)[C@H]1O
CHEBI:70353,CHEBI:27808,COc1cc(CC=C)c(OC)c2OCOc12,[H][C@]12C=C[C@H](OC(C)=O)[C@@H]3Oc4c(OC(C)=O)ccc5C[C@H]1N(C)CC[C@@]23c45
CHEBI:70353,CHEBI:27825,COc1cc(CC=C)c(OC)c2OCOc12,COc1cc(O)c2c(c1)oc(-c1ccc(OC)c(O)c1)c(OC)c2=O
CHEBI:70353,CHEBI:28142,COc1cc(CC=C)c(OC)c2OCOc12,OC(O)C(Cl)(Cl)Cl
CHEBI:70353,CHEBI:34809,COc1cc(CC=C)c(OC)c2OCOc12,CC(C)S(=O)(=O)NCC(C)c1ccc(NC(=O)c2ccccc2)cc1
CHEBI:70353,CHEBI:34810,COc1cc(CC=C)c(OC)c2OCOc12,[C@@H]1(O[C@H]([C@H](O)[C@H]([C@H]1O)O)O[C@@H]([C@@H]([C@H](CO)O)O)[C@@H](CO)O)CO.O.O
CHEBI:70353,CHEBI:37476,COc1cc(CC=C)c(OC)c2OCOc12,O[C@H]1C=Cc2c(ccc3ccccc23)[C@H]1O
CHEBI:70353,CHEBI:48242,COc1cc(CC=C)c(OC)c2OCOc12,O=[Cr]O[Cr]=O
CHEBI:70353,CHEBI:48510,COc1cc(CC=C)c(OC)c2OCOc12,O(S(C(F)(F)F)(=O)=O)*
CHEBI:70353,CHEBI:7728,COc1cc(CC=C)c(OC)c2OCOc12,CCCCCCCCN
CHEBI:70353,CHEBI:99265,COc1cc(CC=C)c(OC)c2OCOc12,CC(C)(C)[S@](=O)N1CC2=CC(=NC(=C2[C@@H]1CCO)C3=CC=CC(=C3)C4=CC(=CC=C4)C(=O)N(C)C)C(=O)N5CCCCC5
CHEBI:80747,CHEBI:119051,CC(C)CC(=O)OCc1cocc2c(C=O)ccc12,CC(C)C1=CN(N=N1)CC[C@@H]2CC[C@@H]([C@@H](O2)CO)NC(=O)C3=CC(=CC=C3)F
CHEBI:80747,CHEBI:119052,CC(C)CC(=O)OCc1cocc2c(C=O)ccc12,C[C@@H](C1=CC=CC=C1)NC(=O)C[C@H]2C=C[C@@H]([C@H](O2)CO)NS(=O)(=O)C3=CC=CC(=C3)F
CHEBI:80747,CHEBI:124254,CC(C)CC(=O)OCc1cocc2c(C=O)ccc12,C[C@H]1CN(C(=O)CC2=C(C=CC(=C2)NC(=O)C3CC3)O[C@H]1CN(C)CC4=CC=C(C=C4)C(=O)NC5=CC=CC=C5N)[C@H](C)CO
CHEBI:80747,CHEBI:15825,CC(C)CC(=O)OCc1cocc2c(C=O)ccc12,CC(C)=CC=O
CHEBI:80747,CHEBI:16108,CC(C)CC(=O)OCc1cocc2c(C=O)ccc12,OCC(=O)COP(O)(O)=O
CHEBI:80747,CHEBI:166,CC(C)CC(=O)OCc1cocc2c(C=O)ccc12,C[C@H]1CC[C@H](CC1=O)C(C)=C
CHEBI:80747,CHEBI:18229,CC(C)CC(=O)OCc1cocc2c(C=O)ccc12,[H][C@]12SCC(C)=C(N1C(=O)[C@H]2NC(=O)CCC[C@@H](N)C(O)=O)C(O)=O
CHEBI:80747,CHEBI:27825,CC(C)CC(=O)OCc1cocc2c(C=O)ccc12,COc1cc(O)c2c(c1)oc(-c1ccc(OC)c(O)c1)c(OC)c2=O
CHEBI:80747,CHEBI:48551,CC(C)CC(=O)OCc1cocc2c(C=O)ccc12,*NC(N)=N
CHEBI:80747,CHEBI:52134,CC(C)CC(=O)OCc1cocc2c(C=O)ccc12,[Na+].[H][C@]12SC(C)(C)[C@@H](N1C(=O)[C@H]2NC(=O)c1c(C)onc1-c1ccccc1)C([O-])=O
CHEBI:80747,CHEBI:7728,CC(C)CC(=O)OCc1cocc2c(C=O)ccc12,CCCCCCCCN
CHEBI:80747,CHEBI:80748,CC(C)CC(=O)OCc1cocc2c(C=O)ccc12,CC(C)[C@H]1CC[C@@]2(C)CCCC(=O)[C@@]2(C)C1
CHEBI:9657,CHEBI:100636,OC[C@H]1O[C@@H](Oc2ccccc2COC(=O)C2(O)C=CCCC2=O)[C@H](OC(=O)c2ccccc2)[C@@H](O)[C@@H]1O,C[C@H]1CN[C@@H](COC2=C(C=C(C=C2)NC(=O)C3=NOC(=C3)C)C(=O)N(C[C@@H]1OC)C)C
CHEBI:9657,CHEBI:124254,OC[C@H]1O[C@@H](Oc2ccccc2COC(=O)C2(O)C=CCCC2=O)[C@H](OC(=O)c2ccccc2)[C@@H](O)[C@@H]1O,C[C@H]1CN(C(=O)CC2=C(C=CC(=C2)NC(=O)C3CC3)O[C@H]1CN(C)CC4=CC=C(C=C4)C(=O)NC5=CC=CC=C5N)[C@H](C)CO
CHEBI:9657,CHEBI:15825,OC[C@H]1O[C@@H](Oc2ccccc2COC(=O)C2(O)C=CCCC2=O)[C@H](OC(=O)c2ccccc2)[C@@H](O)[C@@H]1O,CC(C)=CC=O
CHEBI:9657,CHEBI:16286,OC[C@H]1O[C@@H](Oc2ccccc2COC(=O)C2(O)C=CCCC2=O)[C@H](OC(=O)c2ccccc2)[C@@H](O)[C@@H]1O,[H][C@@]1(CC[C@@]2([H])C3=CC[C@@]4([H])[C@](C)(C=O)[C@@H](O)CC[C@]4(C)[C@@]3([H])CC[C@]12C)[C@H](C)CCCC(C)C
CHEBI:9657,CHEBI:166,OC[C@H]1O[C@@H](Oc2ccccc2COC(=O)C2(O)C=CCCC2=O)[C@H](OC(=O)c2ccccc2)[C@@H](O)[C@@H]1O,C[C@H]1CC[C@H](CC1=O)C(C)=C
CHEBI:9657,CHEBI:16632,OC[C@H]1O[C@@H](Oc2ccccc2COC(=O)C2(O)C=CCCC2=O)[C@H](OC(=O)c2ccccc2)[C@@H](O)[C@@H]1O,COc1cc(ccc1O)C([O-])=O
CHEBI:9657,CHEBI:16825,OC[C@H]1O[C@@H](Oc2ccccc2COC(=O)C2(O)C=CCCC2=O)[C@H](OC(=O)c2ccccc2)[C@@H](O)[C@@H]1O,CN=C(C)[C@H](O)c1ccccc1
CHEBI:9657,CHEBI:17244,OC[C@H]1O[C@@H](Oc2ccccc2COC(=O)C2(O)C=CCCC2=O)[C@H](OC(=O)c2ccccc2)[C@@H](O)[C@@H]1O,OC1C=Cc2nc(O)ccc2C1O
CHEBI:9657,CHEBI:212,OC[C@H]1O[C@@H](Oc2ccccc2COC(=O)C2(O)C=CCCC2=O)[C@H](OC(=O)c2ccccc2)[C@@H](O)[C@@H]1O,CC(=O)CC[C@@H](CC(=O)SCCNC(=O)CCNC(=O)[C@H](O)C(C)(C)COP(O)(=O)OP(O)(=O)OC[C@H]1O[C@H]([C@H](O)[C@@H]1OP(O)(O)=O)n1cnc2c(N)ncnc12)C(C)=C
CHEBI:9657,CHEBI:2220,OC[C@H]1O[C@@H](Oc2ccccc2COC(=O)C2(O)C=CCCC2=O)[C@H](OC(=O)c2ccccc2)[C@@H](O)[C@@H]1O,O[C@@H]1CO[C@@H](OC[C@H]2O[C@@H](O[*])[C@H](O)[C@@H](O)[C@@H]2O)[C@H](O)[C@H]1O
CHEBI:9657,CHEBI:27808,OC[C@H]1O[C@@H](Oc2ccccc2COC(=O)C2(O)C=CCCC2=O)[C@H](OC(=O)c2ccccc2)[C@@H](O)[C@@H]1O,[H][C@]12C=C[C@H](OC(C)=O)[C@@H]3Oc4c(OC(C)=O)ccc5C[C@H]1N(C)CC[C@@]23c45
CHEBI:9657,CHEBI:27825,OC[C@H]1O[C@@H](Oc2ccccc2COC(=O)C2(O)C=CCCC2=O)[C@H](OC(=O)c2ccccc2)[C@@H](O)[C@@H]1O,COc1cc(O)c2c(c1)oc(-c1ccc(OC)c(O)c1)c(OC)c2=O
CHEBI:9657,CHEBI:28142,OC[C@H]1O[C@@H](Oc2ccccc2COC(=O)C2(O)C=CCCC2=O)[C@H](OC(=O)c2ccccc2)[C@@H](O)[C@@H]1O,OC(O)C(Cl)(Cl)Cl
CHEBI:9657,CHEBI:29055,OC[C@H]1O[C@@H](Oc2ccccc2COC(=O)C2(O)C=CCCC2=O)[C@H](OC(=O)c2ccccc2)[C@@H](O)[C@@H]1O,Oc1ccc(CC(=O)C([O-])=O)cc1O
CHEBI:9657,CHEBI:34809,OC[C@H]1O[C@@H](Oc2ccccc2COC(=O)C2(O)C=CCCC2=O)[C@H](OC(=O)c2ccccc2)[C@@H](O)[C@@H]1O,CC(C)S(=O)(=O)NCC(C)c1ccc(NC(=O)c2ccccc2)cc1
CHEBI:9657,CHEBI:34810,OC[C@H]1O[C@@H](Oc2ccccc2COC(=O)C2(O)C=CCCC2=O)[C@H](OC(=O)c2ccccc2)[C@@H](O)[C@@H]1O,[C@@H]1(O[C@H]([C@H](O)[C@H]([C@H]1O)O)O[C@@H]([C@@H]([C@H](CO)O)O)[C@@H](CO)O)CO.O.O
CHEBI:9657,CHEBI:37476,OC[C@H]1O[C@@H](Oc2ccccc2COC(=O)C2(O)C=CCCC2=O)[C@H](OC(=O)c2ccccc2)[C@@H](O)[C@@H]1O,O[C@H]1C=Cc2c(ccc3ccccc23)[C@H]1O
CHEBI:9657,CHEBI:48242,OC[C@H]1O[C@@H](Oc2ccccc2COC(=O)C2(O)C=CCCC2=O)[C@H](OC(=O)c2ccccc2)[C@@H](O)[C@@H]1O,O=[Cr]O[Cr]=O
CHEBI:9657,CHEBI:48510,OC[C@H]1O[C@@H](Oc2ccccc2COC(=O)C2(O)C=CCCC2=O)[C@H](OC(=O)c2ccccc2)[C@@H](O)[C@@H]1O,O(S(C(F)(F)F)(=O)=O)*
CHEBI:9657,CHEBI:7728,OC[C@H]1O[C@@H](Oc2ccccc2COC(=O)C2(O)C=CCCC2=O)[C@H](OC(=O)c2ccccc2)[C@@H](O)[C@@H]1O,CCCCCCCCN
CHEBI:9921,CHEBI:100636,[H][C@]12CCC(C)=C1[C@@H](CC[C@H]2C)\C=C(/C)C(O)=O,C[C@H]1CN[C@@H](COC2=C(C=C(C=C2)NC(=O)C3=NOC(=C3)C)C(=O)N(C[C@@H]1OC)C)C
CHEBI:9921,CHEBI:118,[H][C@]12CCC(C)=C1[C@@H](CC[C@H]2C)\C=C(/C)C(O)=O,COc1cc2OC[C@@H]3[C@@H](Oc4cc(O)ccc34)c2cc1OC
CHEBI:9921,CHEBI:119602,[H][C@]12CCC(C)=C1[C@@H](CC[C@H]2C)\C=C(/C)C(O)=O,C[C@H]1CN(S(=O)(=O)C2=C(C=C(C=C2)C#CCC3CCCC3)O[C@H]1CN(C)S(=O)(=O)C4=CC=CC=C4OC)[C@H](C)CO
CHEBI:9921,CHEBI:124254,[H][C@]12CCC(C)=C1[C@@H](CC[C@H]2C)\C=C(/C)C(O)=O,C[C@H]1CN(C(=O)CC2=C(C=CC(=C2)NC(=O)C3CC3)O[C@H]1CN(C)CC4=CC=C(C=C4)C(=O)NC5=CC=CC=C5N)[C@H](C)CO
CHEBI:9921,CHEBI:15555,[H][C@]12CCC(C)=C1[C@@H](CC[C@H]2C)\C=C(/C)C(O)=O,CCCCC[C@H](O)\C=C\[C@@H]1[C@@H](C\C=C/CCCC(O)=O)[C@@H](O)CC1=O
CHEBI:9921,CHEBI:15825,[H][C@]12CCC(C)=C1[C@@H](CC[C@H]2C)\C=C(/C)C(O)=O,CC(C)=CC=O
CHEBI:9921,CHEBI:16358,[H][C@]12CCC(C)=C1[C@@H](CC[C@H]2C)\C=C(/C)C(O)=O,O[C@H]1CO[C@H](OC[C@H]2O[C@@H](O[C@@H](C#N)c3ccccc3)[C@H](O)[C@@H](O)[C@@H]2O)[C@H](O)[C@H]1O
CHEBI:9921,CHEBI:166,[H][C@]12CCC(C)=C1[C@@H](CC[C@H]2C)\C=C(/C)C(O)=O,C[C@H]1CC[C@H](CC1=O)C(C)=C
CHEBI:9921,CHEBI:17344,[H][C@]12CCC(C)=C1[C@@H](CC[C@H]2C)\C=C(/C)C(O)=O,OC(=O)\C=C/C=C(C(O)=O)C(O)=O
CHEBI:9921,CHEBI:17886,[H][C@]12CCC(C)=C1[C@@H](CC[C@H]2C)\C=C(/C)C(O)=O,OCC(=O)[C@@H](O)[C@@H](O)[C@H](O)C([O-])=O
CHEBI:9921,CHEBI:27825,[H][C@]12CCC(C)=C1[C@@H](CC[C@H]2C)\C=C(/C)C(O)=O,COc1cc(O)c2c(c1)oc(-c1ccc(OC)c(O)c1)c(OC)c2=O
CHEBI:9921,CHEBI:28470,[H][C@]12CCC(C)=C1[C@@H](CC[C@H]2C)\C=C(/C)C(O)=O,O=C1CN=CN1
CHEBI:9921,CHEBI:29055,[H][C@]12CCC(C)=C1[C@@H](CC[C@H]2C)\C=C(/C)C(O)=O,Oc1ccc(CC(=O)C([O-])=O)cc1O
CHEBI:9921,CHEBI:30718,[H][C@]12CCC(C)=C1[C@@H](CC[C@H]2C)\C=C(/C)C(O)=O,N#[N][Mo+4]123([N]#N)[P-](CC[P-]1(c1ccccc1)c1ccccc1)(c1ccccc1)c1ccccc1.C(C[P-]2(c1ccccc1)c1ccccc1)[P-]3(c1ccccc1)c1ccccc1
CHEBI:9921,CHEBI:34809,[H][C@]12CCC(C)=C1[C@@H](CC[C@H]2C)\C=C(/C)C(O)=O,CC(C)S(=O)(=O)NCC(C)c1ccc(NC(=O)c2ccccc2)cc1
CHEBI:9921,CHEBI:34810,[H][C@]12CCC(C)=C1[C@@H](CC[C@H]2C)\C=C(/C)C(O)=O,[C@@H]1(O[C@H]([C@H](O)[C@H]([C@H]1O)O)O[C@@H]([C@@H]([C@H](CO)O)O)[C@@H](CO)O)CO.O.O
CHEBI:9921,CHEBI:37476,[H][C@]12CCC(C)=C1[C@@H](CC[C@H]2C)\C=C(/C)C(O)=O,O[C@H]1C=Cc2c(ccc3ccccc23)[C@H]1O
CHEBI:9921,CHEBI:48242,[H][C@]12CCC(C)=C1[C@@H](CC[C@H]2C)\C=C(/C)C(O)=O,O=[Cr]O[Cr]=O
CHEBI:9921,CHEBI:616,[H][C@]12CCC(C)=C1[C@@H](CC[C@H]2C)\C=C(/C)C(O)=O,Cc1cc(C)n(CC(O)Cn2c3ccccc3c3ccccc23)n1
CHEBI:9921,CHEBI:7728,[H][C@]12CCC(C)=C1[C@@H](CC[C@H]2C)\C=C(/C)C(O)=O,CCCCCCCCN
CHEBI:9921,CHEBI:84001,[H][C@]12CCC(C)=C1[C@@H](CC[C@H]2C)\C=C(/C)C(O)=O,FC(F)C(F)(F)OC[C@H](Cn1cncn1)c1ccc(Cl)cc1Cl
CHEBI:17697,CHEBI:110320,C1=CC(=CC=2C(=CNC12)CCNC(C)=O)O,C1CC1CNC(=O)C[C@@H]2C[C@@H]3[C@H]([C@H](O2)CO)OC4=C3C=C(C=C4)NC(=O)NC5=CC=CC=C5
CHEBI:17697,CHEBI:124254,C1=CC(=CC=2C(=CNC12)CCNC(C)=O)O,C[C@H]1CN(C(=O)CC2=C(C=CC(=C2)NC(=O)C3CC3)O[C@H]1CN(C)CC4=CC=C(C=C4)C(=O)NC5=CC=CC=C5N)[C@H](C)CO
CHEBI:17697,CHEBI:15825,C1=CC(=CC=2C(=CNC12)CCNC(C)=O)O,CC(C)=CC=O
CHEBI:17697,CHEBI:16070,C1=CC(=CC=2C(=CNC12)CCNC(C)=O)O,OC[C@H]1OC[C@H](O)[C@@H](O)[C@@H]1O
CHEBI:17697,CHEBI:166,C1=CC(=CC=2C(=CNC12)CCNC(C)=O)O,C[C@H]1CC[C@H](CC1=O)C(C)=C
CHEBI:17697,CHEBI:16652,C1=CC(=CC=2C(=CNC12)CCNC(C)=O)O,NC(=N)NCCCCNC(N)=N
CHEBI:17697,CHEBI:166816,C1=CC(=CC=2C(=CNC12)CCNC(C)=O)O,OC1CC2[C@@]([C@@]3([C@]([C@]4([C@@]([C@H](CC4)C(CC/C(/C(C)C)=C/C)C)(CC3)C)[H])(CC2)[H])[H])(CC1)C
CHEBI:17697,CHEBI:7728,C1=CC(=CC=2C(=CNC12)CCNC(C)=O)O,CCCCCCCCN
CHEBI:133127,CHEBI:100636,O=C1[C@H](NC([C@@H](NC([C@@H](CC(C)C)NC(=O)[C@@H](NC([C@@H](C(C)C)NC(=O)[C@@H]2CSC(N2)[C@H](C(C)C)N1)=O)CC=3C=4C=CC=CC4NC3)=O)C(C)C)=O)C(C)C,C[C@H]1CN[C@@H](COC2=C(C=C(C=C2)NC(=O)C3=NOC(=C3)C)C(=O)N(C[C@@H]1OC)C)C
CHEBI:133127,CHEBI:114,O=C1[C@H](NC([C@@H](NC([C@@H](CC(C)C)NC(=O)[C@@H](NC([C@@H](C(C)C)NC(=O)[C@@H]2CSC(N2)[C@H](C(C)C)N1)=O)CC=3C=4C=CC=CC4NC3)=O)C(C)C)=O)C(C)C,O=C([C@H]1[C@@H]([C@@H]([C@H]1c1ccccc1)C(=O)N1CCCC(=C1)[C@H]1CCCCN1)c1ccccc1)N1CCCC(=C1)[C@H]1CCCCN1
CHEBI:133127,CHEBI:124254,O=C1[C@H](NC([C@@H](NC([C@@H](CC(C)C)NC(=O)[C@@H](NC([C@@H](C(C)C)NC(=O)[C@@H]2CSC(N2)[C@H](C(C)C)N1)=O)CC=3C=4C=CC=CC4NC3)=O)C(C)C)=O)C(C)C,C[C@H]1CN(C(=O)CC2=C(C=CC(=C2)NC(=O)C3CC3)O[C@H]1CN(C)CC4=CC=C(C=C4)C(=O)NC5=CC=CC=C5N)[C@H](C)CO
CHEBI:133127,CHEBI:15580,O=C1[C@H](NC([C@@H](NC([C@@H](CC(C)C)NC(=O)[C@@H](NC([C@@H](C(C)C)NC(=O)[C@@H]2CSC(N2)[C@H](C(C)C)N1)=O)CC=3C=4C=CC=CC4NC3)=O)C(C)C)=O)C(C)C,CC[C@]1(C)O[C@@H]1CC\C(C)=C\CC\C(C)=C\C(O)=O
CHEBI:133127,CHEBI:15825,O=C1[C@H](NC([C@@H](NC([C@@H](CC(C)C)NC(=O)[C@@H](NC([C@@H](C(C)C)NC(=O)[C@@H]2CSC(N2)[C@H](C(C)C)N1)=O)CC=3C=4C=CC=CC4NC3)=O)C(C)C)=O)C(C)C,CC(C)=CC=O
CHEBI:133127,CHEBI:16286,O=C1[C@H](NC([C@@H](NC([C@@H](CC(C)C)NC(=O)[C@@H](NC([C@@H](C(C)C)NC(=O)[C@@H]2CSC(N2)[C@H](C(C)C)N1)=O)CC=3C=4C=CC=CC4NC3)=O)C(C)C)=O)C(C)C,[H][C@@]1(CC[C@@]2([H])C3=CC[C@@]4([H])[C@](C)(C=O)[C@@H](O)CC[C@]4(C)[C@@]3([H])CC[C@]12C)[C@H](C)CCCC(C)C
CHEBI:133127,CHEBI:166,O=C1[C@H](NC([C@@H](NC([C@@H](CC(C)C)NC(=O)[C@@H](NC([C@@H](C(C)C)NC(=O)[C@@H]2CSC(N2)[C@H](C(C)C)N1)=O)CC=3C=4C=CC=CC4NC3)=O)C(C)C)=O)C(C)C,C[C@H]1CC[C@H](CC1=O)C(C)=C
CHEBI:133127,CHEBI:2220,O=C1[C@H](NC([C@@H](NC([C@@H](CC(C)C)NC(=O)[C@@H](NC([C@@H](C(C)C)NC(=O)[C@@H]2CSC(N2)[C@H](C(C)C)N1)=O)CC=3C=4C=CC=CC4NC3)=O)C(C)C)=O)C(C)C,O[C@@H]1CO[C@@H](OC[C@H]2O[C@@H](O[*])[C@H](O)[C@@H](O)[C@@H]2O)[C@H](O)[C@H]1O
CHEBI:133127,CHEBI:27460,O=C1[C@H](NC([C@@H](NC([C@@H](CC(C)C)NC(=O)[C@@H](NC([C@@H](C(C)C)NC(=O)[C@@H]2CSC(N2)[C@H](C(C)C)N1)=O)CC=3C=4C=CC=CC4NC3)=O)C(C)C)=O)C(C)C,COc1cc2CCN[C@@H](Cc3ccc(O)c(O)c3)c2cc1O
CHEBI:133127,CHEBI:28142,O=C1[C@H](NC([C@@H](NC([C@@H](CC(C)C)NC(=O)[C@@H](NC([C@@H](C(C)C)NC(=O)[C@@H]2CSC(N2)[C@H](C(C)C)N1)=O)CC=3C=4C=CC=CC4NC3)=O)C(C)C)=O)C(C)C,OC(O)C(Cl)(Cl)Cl
CHEBI:133127,CHEBI:28708,O=C1[C@H](NC([C@@H](NC([C@@H](CC(C)C)NC(=O)[C@@H](NC([C@@H](C(C)C)NC(=O)[C@@H]2CSC(N2)[C@H](C(C)C)N1)=O)CC=3C=4C=CC=CC4NC3)=O)C(C)C)=O)C(C)C,CC(C)c1cccc(O)c1O
CHEBI:133127,CHEBI:30718,O=C1[C@H](NC([C@@H](NC([C@@H](CC(C)C)NC(=O)[C@@H](NC([C@@H](C(C)C)NC(=O)[C@@H]2CSC(N2)[C@H](C(C)C)N1)=O)CC=3C=4C=CC=CC4NC3)=O)C(C)C)=O)C(C)C,N#[N][Mo+4]123([N]#N)[P-](CC[P-]1(c1ccccc1)c1ccccc1)(c1ccccc1)c1ccccc1.C(C[P-]2(c1ccccc1)c1ccccc1)[P-]3(c1ccccc1)c1ccccc1
CHEBI:133127,CHEBI:3188,O=C1[C@H](NC([C@@H](NC([C@@H](CC(C)C)NC(=O)[C@@H](NC([C@@H](C(C)C)NC(=O)[C@@H]2CSC(N2)[C@H](C(C)C)N1)=O)CC=3C=4C=CC=CC4NC3)=O)C(C)C)=O)C(C)C,COC(=O)[C@]12OC[C@@]34[C@H]1[C@@H](OC(=O)\C=C(/C)C(C)C)C(=O)O[C@@H]3C[C@H]1C(C)=C(O)C(=O)C[C@]1(C)[C@H]4[C@@H](O)[C@@H]2O
CHEBI:133127,CHEBI:616,O=C1[C@H](NC([C@@H](NC([C@@H](CC(C)C)NC(=O)[C@@H](NC([C@@H](C(C)C)NC(=O)[C@@H]2CSC(N2)[C@H](C(C)C)N1)=O)CC=3C=4C=CC=CC4NC3)=O)C(C)C)=O)C(C)C,Cc1cc(C)n(CC(O)Cn2c3ccccc3c3ccccc23)n1
CHEBI:133127,CHEBI:7728,O=C1[C@H](NC([C@@H](NC([C@@H](CC(C)C)NC(=O)[C@@H](NC([C@@H](C(C)C)NC(=O)[C@@H]2CSC(N2)[C@H](C(C)C)N1)=O)CC=3C=4C=CC=CC4NC3)=O)C(C)C)=O)C(C)C,CCCCCCCCN
CHEBI:2422,CHEBI:100636,CC(=O)NN,C[C@H]1CN[C@@H](COC2=C(C=C(C=C2)NC(=O)C3=NOC(=C3)C)C(=O)N(C[C@@H]1OC)C)C
CHEBI:2422,CHEBI:124254,CC(=O)NN,C[C@H]1CN(C(=O)CC2=C(C=CC(=C2)NC(=O)C3CC3)O[C@H]1CN(C)CC4=CC=C(C=C4)C(=O)NC5=CC=CC=C5N)[C@H](C)CO
CHEBI:2422,CHEBI:129650,CC(=O)NN,C[C@@H]1CN(C(=O)C2=C(C=CC(=C2)NC(=O)NC3=CC=C(C=C3)OC)O[C@@H]1CN(C)CC4=CC5=C(C=C4)OCO5)[C@@H](C)CO
CHEBI:2422,CHEBI:1378,CC(=O)NN,N[C@@H](Cc1ccc(O)c(O)c1)C(=O)S[*]
CHEBI:2422,CHEBI:15492,CC(=O)NN,CC(C)(COP(O)(=O)OP(O)(=O)OC[C@H]1O[C@H]([C@H](O)[C@@H]1OP(O)(O)=O)n1cnc2c(N)ncnc12)[C@@H](O)C(=O)NCCC(=O)NCCSC(=O)CC(=O)CCCC(O)=O
CHEBI:2422,CHEBI:15657,CC(=O)NN,C(=C\[C@H](/C=C\CCCCC)OO)\CCCCCCCC(=O)O
CHEBI:2422,CHEBI:15825,CC(=O)NN,CC(C)=CC=O
CHEBI:2422,CHEBI:16352,CC(=O)NN,OC1CN=C(C1)C(O)=O
CHEBI:2422,CHEBI:166,CC(=O)NN,C[C@H]1CC[C@H](CC1=O)C(C)=C
CHEBI:2422,CHEBI:27825,CC(=O)NN,COc1cc(O)c2c(c1)oc(-c1ccc(OC)c(O)c1)c(OC)c2=O
CHEBI:2422,CHEBI:28071,CC(=O)NN,O[C@H]1CO[C@H](O[C@@H]2[C@@H](O)[C@H](O)[C@@H](OC(=O)Cc3c[nH]c4ccccc34)[C@@H](O)[C@H]2O)[C@H](O)[C@H]1O
CHEBI:2422,CHEBI:28234,CC(=O)NN,O[C@H]1C=CC2=C([C@H]1O)c1ccccc1C2
CHEBI:2422,CHEBI:28359,CC(=O)NN,CC1(C)[C@H]2CCC(=C)[C@@H]1C2
CHEBI:2422,CHEBI:28502,CC(=O)NN,C1CN=C(Cc2ccccc2)N1
CHEBI:2422,CHEBI:30717,CC(=O)NN,F[Mo--]1(F)(F)(F)(=O)OO1
CHEBI:2422,CHEBI:30718,CC(=O)NN,N#[N][Mo+4]123([N]#N)[P-](CC[P-]1(c1ccccc1)c1ccccc1)(c1ccccc1)c1ccccc1.C(C[P-]2(c1ccccc1)c1ccccc1)[P-]3(c1ccccc1)c1ccccc1
CHEBI:2422,CHEBI:37476,CC(=O)NN,O[C@H]1C=Cc2c(ccc3ccccc23)[C@H]1O
CHEBI:2422,CHEBI:48242,CC(=O)NN,O=[Cr]O[Cr]=O
CHEBI:2422,CHEBI:616,CC(=O)NN,Cc1cc(C)n(CC(O)Cn2c3ccccc3c3ccccc23)n1
CHEBI:2422,CHEBI:7728,CC(=O)NN,CCCCCCCCN
CHEBI:49801,CHEBI:100636,Cl[Pt]Cl,C[C@H]1CN[C@@H](COC2=C(C=C(C=C2)NC(=O)C3=NOC(=C3)C)C(=O)N(C[C@@H]1OC)C)C
CHEBI:49801,CHEBI:124254,Cl[Pt]Cl,C[C@H]1CN(C(=O)CC2=C(C=CC(=C2)NC(=O)C3CC3)O[C@H]1CN(C)CC4=CC=C(C=C4)C(=O)NC5=CC=CC=C5N)[C@H](C)CO
CHEBI:49801,CHEBI:15492,Cl[Pt]Cl,CC(C)(COP(O)(=O)OP(O)(=O)OC[C@H]1O[C@H]([C@H](O)[C@@H]1OP(O)(O)=O)n1cnc2c(N)ncnc12)[C@@H](O)C(=O)NCCC(=O)NCCSC(=O)CC(=O)CCCC(O)=O
CHEBI:49801,CHEBI:15825,Cl[Pt]Cl,CC(C)=CC=O
CHEBI:49801,CHEBI:166,Cl[Pt]Cl,C[C@H]1CC[C@H](CC1=O)C(C)=C
CHEBI:49801,CHEBI:27825,Cl[Pt]Cl,COc1cc(O)c2c(c1)oc(-c1ccc(OC)c(O)c1)c(OC)c2=O
CHEBI:49801,CHEBI:282,Cl[Pt]Cl,CCCCCC#C\C=C\C=C\CC\C=C\C(=O)NCC(C)C
CHEBI:49801,CHEBI:28359,Cl[Pt]Cl,CC1(C)[C@H]2CCC(=C)[C@@H]1C2
CHEBI:49801,CHEBI:28502,Cl[Pt]Cl,C1CN=C(Cc2ccccc2)N1
CHEBI:49801,CHEBI:30718,Cl[Pt]Cl,N#[N][Mo+4]123([N]#N)[P-](CC[P-]1(c1ccccc1)c1ccccc1)(c1ccccc1)c1ccccc1.C(C[P-]2(c1ccccc1)c1ccccc1)[P-]3(c1ccccc1)c1ccccc1
CHEBI:49801,CHEBI:37476,Cl[Pt]Cl,O[C@H]1C=Cc2c(ccc3ccccc23)[C@H]1O
CHEBI:49801,CHEBI:48242,Cl[Pt]Cl,O=[Cr]O[Cr]=O
CHEBI:49801,CHEBI:53209,Cl[Pt]Cl,[O-][Ru](=O)(=O)=O.CCC[N+](CCC)(CCC)CCC
CHEBI:49801,CHEBI:616,Cl[Pt]Cl,Cc1cc(C)n(CC(O)Cn2c3ccccc3c3ccccc23)n1
CHEBI:49801,CHEBI:7728,Cl[Pt]Cl,CCCCCCCCN
CHEBI:17123,CHEBI:100636,NC(=C)C(O)=O,C[C@H]1CN[C@@H](COC2=C(C=C(C=C2)NC(=O)C3=NOC(=C3)C)C(=O)N(C[C@@H]1OC)C)C
CHEBI:17123,CHEBI:124254,NC(=C)C(O)=O,C[C@H]1CN(C(=O)CC2=C(C=CC(=C2)NC(=O)C3CC3)O[C@H]1CN(C)CC4=CC=C(C=C4)C(=O)NC5=CC=CC=C5N)[C@H](C)CO
CHEBI:17123,CHEBI:130121,NC(=C)C(O)=O,C[C@H]1[C@H](CN(C(=O)C2=C(C=CC(=C2)C#N)OCC[C@@H]3CC[C@@H]([C@@H](O3)CN(C1=O)C)OC)C)OC
CHEBI:17123,CHEBI:15825,NC(=C)C(O)=O,CC(C)=CC=O
CHEBI:17123,CHEBI:160,NC(=C)C(O)=O,O[C@@H]([C@H](CC(O)=O)C(O)=O)C(O)=O
CHEBI:17123,CHEBI:16108,NC(=C)C(O)=O,OCC(=O)COP(O)(O)=O
CHEBI:17123,CHEBI:16358,NC(=C)C(O)=O,O[C@H]1CO[C@H](OC[C@H]2O[C@@H](O[C@@H](C#N)c3ccccc3)[C@H](O)[C@@H](O)[C@@H]2O)[C@H](O)[C@H]1O
CHEBI:17123,CHEBI:166,NC(=C)C(O)=O,C[C@H]1CC[C@H](CC1=O)C(C)=C
CHEBI:17123,CHEBI:27825,NC(=C)C(O)=O,COc1cc(O)c2c(c1)oc(-c1ccc(OC)c(O)c1)c(OC)c2=O
CHEBI:17123,CHEBI:30718,NC(=C)C(O)=O,N#[N][Mo+4]123([N]#N)[P-](CC[P-]1(c1ccccc1)c1ccccc1)(c1ccccc1)c1ccccc1.C(C[P-]2(c1ccccc1)c1ccccc1)[P-]3(c1ccccc1)c1ccccc1
CHEBI:17123,CHEBI:616,NC(=C)C(O)=O,Cc1cc(C)n(CC(O)Cn2c3ccccc3c3ccccc23)n1
CHEBI:17123,CHEBI:6427,NC(=C)C(O)=O,CCNC(=O)[C@@H]1CCCN1C(=O)[C@H](CCCNC(N)=N)NC(=O)[C@H](CC(C)C)NC(=O)[C@@H](CC(C)C)NC(=O)[C@H](Cc1ccc(O)cc1)NC(=O)[C@H](CO)NC(=O)[C@H](Cc1c[nH]c2ccccc12)NC(=O)[C@H](Cc1c[nH]cn1)NC(=O)[C@@H]1CCC(=O)N1
CHEBI:17123,CHEBI:7728,NC(=C)C(O)=O,CCCCCCCCN
CHEBI:17123,CHEBI:78496,NC(=C)C(O)=O,CC[C@H](C)[C@H](N)C(=O)N[C@@H](CC(N)=O)C(=O)N[C@@H](CC(C)C)C(=O)N[C@@H](CCCCN)C(=O)N[C@@H](C)C(=O)N[C@@H](CC(C)C)C(=O)N[C@@H](C)C(=O)N[C@@H](C)C(=O)N[C@@H](CC(C)C)C(=O)N[C@@H](C)C(=O)N[C@@H](CCCCN)C(=O)N[C@@H](CCCCN)C(=O)N[C@@H]([C@@H](C)CC)C(=O)N[C@@H](CC(C)C)C(N)=O
CHEBI:59511,CHEBI:100636,[Na+].CC1(C)C[C@@H]1C(=O)N\C(C(O)=O)=C/CCCCSC[C@H](N)C([O-])=O,C[C@H]1CN[C@@H](COC2=C(C=C(C=C2)NC(=O)C3=NOC(=C3)C)C(=O)N(C[C@@H]1OC)C)C
CHEBI:59511,CHEBI:119602,[Na+].CC1(C)C[C@@H]1C(=O)N\C(C(O)=O)=C/CCCCSC[C@H](N)C([O-])=O,C[C@H]1CN(S(=O)(=O)C2=C(C=C(C=C2)C#CCC3CCCC3)O[C@H]1CN(C)S(=O)(=O)C4=CC=CC=C4OC)[C@H](C)CO
CHEBI:59511,CHEBI:124254,[Na+].CC1(C)C[C@@H]1C(=O)N\C(C(O)=O)=C/CCCCSC[C@H](N)C([O-])=O,C[C@H]1CN(C(=O)CC2=C(C=CC(=C2)NC(=O)C3CC3)O[C@H]1CN(C)CC4=CC=C(C=C4)C(=O)NC5=CC=CC=C5N)[C@H](C)CO
CHEBI:59511,CHEBI:15555,[Na+].CC1(C)C[C@@H]1C(=O)N\C(C(O)=O)=C/CCCCSC[C@H](N)C([O-])=O,CCCCC[C@H](O)\C=C\[C@@H]1[C@@H](C\C=C/CCCC(O)=O)[C@@H](O)CC1=O
CHEBI:59511,CHEBI:15825,[Na+].CC1(C)C[C@@H]1C(=O)N\C(C(O)=O)=C/CCCCSC[C@H](N)C([O-])=O,CC(C)=CC=O
CHEBI:59511,CHEBI:16358,[Na+].CC1(C)C[C@@H]1C(=O)N\C(C(O)=O)=C/CCCCSC[C@H](N)C([O-])=O,O[C@H]1CO[C@H](OC[C@H]2O[C@@H](O[C@@H](C#N)c3ccccc3)[C@H](O)[C@@H](O)[C@@H]2O)[C@H](O)[C@H]1O
CHEBI:59511,CHEBI:166,[Na+].CC1(C)C[C@@H]1C(=O)N\C(C(O)=O)=C/CCCCSC[C@H](N)C([O-])=O,C[C@H]1CC[C@H](CC1=O)C(C)=C
CHEBI:59511,CHEBI:17344,[Na+].CC1(C)C[C@@H]1C(=O)N\C(C(O)=O)=C/CCCCSC[C@H](N)C([O-])=O,OC(=O)\C=C/C=C(C(O)=O)C(O)=O
CHEBI:59511,CHEBI:17886,[Na+].CC1(C)C[C@@H]1C(=O)N\C(C(O)=O)=C/CCCCSC[C@H](N)C([O-])=O,OCC(=O)[C@@H](O)[C@@H](O)[C@H](O)C([O-])=O
CHEBI:59511,CHEBI:2212,[Na+].CC1(C)C[C@@H]1C(=O)N\C(C(O)=O)=C/CCCCSC[C@H](N)C([O-])=O,COc1cc(O)c2C(=O)O[C@H](C)Cc2c1
CHEBI:59511,CHEBI:2724,[Na+].CC1(C)C[C@@H]1C(=O)N\C(C(O)=O)=C/CCCCSC[C@H](N)C([O-])=O,C=CC[C@@H]1NC[C@H]2C[C@H]1CN1[C@@H]2CCCC1=O
CHEBI:59511,CHEBI:28996,[Na+].CC1(C)C[C@@H]1C(=O)N\C(C(O)=O)=C/CCCCSC[C@H](N)C([O-])=O,CC1(C)C2CC1C(=C)C(=O)C2
CHEBI:59511,CHEBI:30718,[Na+].CC1(C)C[C@@H]1C(=O)N\C(C(O)=O)=C/CCCCSC[C@H](N)C([O-])=O,N#[N][Mo+4]123([N]#N)[P-](CC[P-]1(c1ccccc1)c1ccccc1)(c1ccccc1)c1ccccc1.C(C[P-]2(c1ccccc1)c1ccccc1)[P-]3(c1ccccc1)c1ccccc1
CHEBI:59511,CHEBI:616,[Na+].CC1(C)C[C@@H]1C(=O)N\C(C(O)=O)=C/CCCCSC[C@H](N)C([O-])=O,Cc1cc(C)n(CC(O)Cn2c3ccccc3c3ccccc23)n1
CHEBI:59511,CHEBI:7728,[Na+].CC1(C)C[C@@H]1C(=O)N\C(C(O)=O)=C/CCCCSC[C@H](N)C([O-])=O,CCCCCCCCN
CHEBI:59511,CHEBI:78734,[Na+].CC1(C)C[C@@H]1C(=O)N\C(C(O)=O)=C/CCCCSC[C@H](N)C([O-])=O,CN1[C@H]2CC[C@@H]1C[C@@H](C2)OC(=O)C(CO)c1ccccc1
CHEBI:75947,CHEBI:124254,P1(O[C@@H]2[C@H](O[C@H]([C@@H]2O)N3C=NC=4C(=NC=NC43)N)COP(=O)(O[C@H]5[C@@H](O[C@@H]([C@H]5O)CO1)N6C=NC=7C(NC(=NC76)N)=O)O)(=O)O,C[C@H]1CN(C(=O)CC2=C(C=CC(=C2)NC(=O)C3CC3)O[C@H]1CN(C)CC4=CC=C(C=C4)C(=O)NC5=CC=CC=C5N)[C@H](C)CO
CHEBI:75947,CHEBI:15825,P1(O[C@@H]2[C@H](O[C@H]([C@@H]2O)N3C=NC=4C(=NC=NC43)N)COP(=O)(O[C@H]5[C@@H](O[C@@H]([C@H]5O)CO1)N6C=NC=7C(NC(=NC76)N)=O)O)(=O)O,CC(C)=CC=O
CHEBI:75947,CHEBI:16108,P1(O[C@@H]2[C@H](O[C@H]([C@@H]2O)N3C=NC=4C(=NC=NC43)N)COP(=O)(O[C@H]5[C@@H](O[C@@H]([C@H]5O)CO1)N6C=NC=7C(NC(=NC76)N)=O)O)(=O)O,OCC(=O)COP(O)(O)=O
CHEBI:75947,CHEBI:27825,P1(O[C@@H]2[C@H](O[C@H]([C@@H]2O)N3C=NC=4C(=NC=NC43)N)COP(=O)(O[C@H]5[C@@H](O[C@@H]([C@H]5O)CO1)N6C=NC=7C(NC(=NC76)N)=O)O)(=O)O,COc1cc(O)c2c(c1)oc(-c1ccc(OC)c(O)c1)c(OC)c2=O
CHEBI:75947,CHEBI:29001,P1(O[C@@H]2[C@H](O[C@H]([C@@H]2O)N3C=NC=4C(=NC=NC43)N)COP(=O)(O[C@H]5[C@@H](O[C@@H]([C@H]5O)CO1)N6C=NC=7C(NC(=NC76)N)=O)O)(=O)O,CC(=C)[C@H](CCC(C)=O)CC([O-])=O
CHEBI:73823,CHEBI:100636,CC(C)[C@H](NC(=O)[C@@H](N)CCCNC(N)=N)C(O)=O,C[C@H]1CN[C@@H](COC2=C(C=C(C=C2)NC(=O)C3=NOC(=C3)C)C(=O)N(C[C@@H]1OC)C)C
CHEBI:73823,CHEBI:124254,CC(C)[C@H](NC(=O)[C@@H](N)CCCNC(N)=N)C(O)=O,C[C@H]1CN(C(=O)CC2=C(C=CC(=C2)NC(=O)C3CC3)O[C@H]1CN(C)CC4=CC=C(C=C4)C(=O)NC5=CC=CC=C5N)[C@H](C)CO
CHEBI:73823,CHEBI:15448,CC(C)[C@H](NC(=O)[C@@H](N)CCCNC(N)=N)C(O)=O,CC(C)(COP(O)(=O)OP(O)(=O)OC[C@H]1O[C@H]([C@H](O)[C@@H]1OP(O)(O)=O)n1cnc2c(N)ncnc12)[C@@H](O)C(=O)NCCC(=O)NCCSC(=O)CC1(O)CCCCC1
CHEBI:73823,CHEBI:15580,CC(C)[C@H](NC(=O)[C@@H](N)CCCNC(N)=N)C(O)=O,CC[C@]1(C)O[C@@H]1CC\C(C)=C\CC\C(C)=C\C(O)=O
CHEBI:73823,CHEBI:15825,CC(C)[C@H](NC(=O)[C@@H](N)CCCNC(N)=N)C(O)=O,CC(C)=CC=O
CHEBI:73823,CHEBI:16286,CC(C)[C@H](NC(=O)[C@@H](N)CCCNC(N)=N)C(O)=O,[H][C@@]1(CC[C@@]2([H])C3=CC[C@@]4([H])[C@](C)(C=O)[C@@H](O)CC[C@]4(C)[C@@]3([H])CC[C@]12C)[C@H](C)CCCC(C)C
CHEBI:73823,CHEBI:166,CC(C)[C@H](NC(=O)[C@@H](N)CCCNC(N)=N)C(O)=O,C[C@H]1CC[C@H](CC1=O)C(C)=C
CHEBI:73823,CHEBI:16752,CC(C)[C@H](NC(=O)[C@@H](N)CCCNC(N)=N)C(O)=O,NC[C@@H](CC[C@H](N)C(O)=O)OP(O)(O)=O
CHEBI:73823,CHEBI:20,CC(C)[C@H](NC(=O)[C@@H](N)CCCNC(N)=N)C(O)=O,CC1(C)[C@@H]2CC[C@@H](C2)C1=C
CHEBI:73823,CHEBI:212,CC(C)[C@H](NC(=O)[C@@H](N)CCCNC(N)=N)C(O)=O,CC(=O)CC[C@@H](CC(=O)SCCNC(=O)CCNC(=O)[C@H](O)C(C)(C)COP(O)(=O)OP(O)(=O)OC[C@H]1O[C@H]([C@H](O)[C@@H]1OP(O)(O)=O)n1cnc2c(N)ncnc12)C(C)=C
CHEBI:73823,CHEBI:2220,CC(C)[C@H](NC(=O)[C@@H](N)CCCNC(N)=N)C(O)=O,O[C@@H]1CO[C@@H](OC[C@H]2O[C@@H](O[*])[C@H](O)[C@@H](O)[C@@H]2O)[C@H](O)[C@H]1O
CHEBI:73823,CHEBI:27460,CC(C)[C@H](NC(=O)[C@@H](N)CCCNC(N)=N)C(O)=O,COc1cc2CCN[C@@H](Cc3ccc(O)c(O)c3)c2cc1O
CHEBI:73823,CHEBI:27808,CC(C)[C@H](NC(=O)[C@@H](N)CCCNC(N)=N)C(O)=O,[H][C@]12C=C[C@H](OC(C)=O)[C@@H]3Oc4c(OC(C)=O)ccc5C[C@H]1N(C)CC[C@@]23c45
CHEBI:73823,CHEBI:27825,CC(C)[C@H](NC(=O)[C@@H](N)CCCNC(N)=N)C(O)=O,COc1cc(O)c2c(c1)oc(-c1ccc(OC)c(O)c1)c(OC)c2=O
CHEBI:73823,CHEBI:28142,CC(C)[C@H](NC(=O)[C@@H](N)CCCNC(N)=N)C(O)=O,OC(O)C(Cl)(Cl)Cl
CHEBI:73823,CHEBI:30718,CC(C)[C@H](NC(=O)[C@@H](N)CCCNC(N)=N)C(O)=O,N#[N][Mo+4]123([N]#N)[P-](CC[P-]1(c1ccccc1)c1ccccc1)(c1ccccc1)c1ccccc1.C(C[P-]2(c1ccccc1)c1ccccc1)[P-]3(c1ccccc1)c1ccccc1
CHEBI:73823,CHEBI:31254,CC(C)[C@H](NC(=O)[C@@H](N)CCCNC(N)=N)C(O)=O,O(CC(C[NH2+]C(C)C)O)C1=C2C(=CC=C1)C=C(O2)C(C)=O.[Cl-]
CHEBI:73823,CHEBI:3188,CC(C)[C@H](NC(=O)[C@@H](N)CCCNC(N)=N)C(O)=O,COC(=O)[C@]12OC[C@@]34[C@H]1[C@@H](OC(=O)\C=C(/C)C(C)C)C(=O)O[C@@H]3C[C@H]1C(C)=C(O)C(=O)C[C@]1(C)[C@H]4[C@@H](O)[C@@H]2O
CHEBI:73823,CHEBI:34809,CC(C)[C@H](NC(=O)[C@@H](N)CCCNC(N)=N)C(O)=O,CC(C)S(=O)(=O)NCC(C)c1ccc(NC(=O)c2ccccc2)cc1
CHEBI:73823,CHEBI:34810,CC(C)[C@H](NC(=O)[C@@H](N)CCCNC(N)=N)C(O)=O,[C@@H]1(O[C@H]([C@H](O)[C@H]([C@H]1O)O)O[C@@H]([C@@H]([C@H](CO)O)O)[C@@H](CO)O)CO.O.O
CHEBI:73823,CHEBI:37476,CC(C)[C@H](NC(=O)[C@@H](N)CCCNC(N)=N)C(O)=O,O[C@H]1C=Cc2c(ccc3ccccc23)[C@H]1O
CHEBI:73823,CHEBI:48242,CC(C)[C@H](NC(=O)[C@@H](N)CCCNC(N)=N)C(O)=O,O=[Cr]O[Cr]=O
CHEBI:73823,CHEBI:48510,CC(C)[C@H](NC(=O)[C@@H](N)CCCNC(N)=N)C(O)=O,O(S(C(F)(F)F)(=O)=O)*
CHEBI:73823,CHEBI:616,CC(C)[C@H](NC(=O)[C@@H](N)CCCNC(N)=N)C(O)=O,Cc1cc(C)n(CC(O)Cn2c3ccccc3c3ccccc23)n1
CHEBI:73823,CHEBI:7728,CC(C)[C@H](NC(=O)[C@@H](N)CCCNC(N)=N)C(O)=O,CCCCCCCCN
CHEBI:72573,CHEBI:100636,[*]N=NN([*])[*],C[C@H]1CN[C@@H](COC2=C(C=C(C=C2)NC(=O)C3=NOC(=C3)C)C(=O)N(C[C@@H]1OC)C)C
CHEBI:72573,CHEBI:102152,[*]N=NN([*])[*],C[C@@H]1CN(C(=O)C2=C(C3=CC=CC=C3CO[C@H]1CN(C)C(=O)OCC(C)C)C4=CC=CC=C4N2C)[C@H](C)CO
CHEBI:72573,CHEBI:1110,[*]N=NN([*])[*],CC(C)=CCC\C(C)=C\CC\C(C)=C\CC\C(C)=C\CC\C(C)=C\CC\C(C)=C\Cc1ccccc1O
CHEBI:72573,CHEBI:124254,[*]N=NN([*])[*],C[C@H]1CN(C(=O)CC2=C(C=CC(=C2)NC(=O)C3CC3)O[C@H]1CN(C)CC4=CC=C(C=C4)C(=O)NC5=CC=CC=C5N)[C@H](C)CO
CHEBI:72573,CHEBI:15618,[*]N=NN([*])[*],C\C=C1\[C@@H](C)C(=O)N\C\1=C/C1=N/C(=C\c2[nH]c(C[C@H]3NC(=O)C(C=C)=C3C)c(C)c2CCC(O)=O)/C(CCC(O)=O)=C1C
CHEBI:72573,CHEBI:15825,[*]N=NN([*])[*],CC(C)=CC=O
CHEBI:72573,CHEBI:166,[*]N=NN([*])[*],C[C@H]1CC[C@H](CC1=O)C(C)=C
CHEBI:72573,CHEBI:18400,[*]N=NN([*])[*],OC1=CC(=O)C=CC1=O
CHEBI:72573,CHEBI:27825,[*]N=NN([*])[*],COc1cc(O)c2c(c1)oc(-c1ccc(OC)c(O)c1)c(OC)c2=O
CHEBI:72573,CHEBI:27967,[*]N=NN([*])[*],[H][C@@]12CCC3=CC(=O)CC[C@]3(C)[C@@]1([H])[C@@H](O)C[C@]1(C)C(=O)CC[C@@]21[H]
CHEBI:72573,CHEBI:28770,[*]N=NN([*])[*],Oc1ccc(CC2NCCc3cc(O)c(O)cc23)cc1O
CHEBI:72573,CHEBI:30718,[*]N=NN([*])[*],N#[N][Mo+4]123([N]#N)[P-](CC[P-]1(c1ccccc1)c1ccccc1)(c1ccccc1)c1ccccc1.C(C[P-]2(c1ccccc1)c1ccccc1)[P-]3(c1ccccc1)c1ccccc1
CHEBI:72573,CHEBI:32796,[*]N=NN([*])[*],O[C@H](CCC(O)=O)C(O)=O
CHEBI:72573,CHEBI:34809,[*]N=NN([*])[*],CC(C)S(=O)(=O)NCC(C)c1ccc(NC(=O)c2ccccc2)cc1
CHEBI:72573,CHEBI:34810,[*]N=NN([*])[*],[C@@H]1(O[C@H]([C@H](O)[C@H]([C@H]1O)O)O[C@@H]([C@@H]([C@H](CO)O)O)[C@@H](CO)O)CO.O.O
CHEBI:72573,CHEBI:37476,[*]N=NN([*])[*],O[C@H]1C=Cc2c(ccc3ccccc23)[C@H]1O
CHEBI:72573,CHEBI:48242,[*]N=NN([*])[*],O=[Cr]O[Cr]=O
CHEBI:72573,CHEBI:616,[*]N=NN([*])[*],Cc1cc(C)n(CC(O)Cn2c3ccccc3c3ccccc23)n1
CHEBI:72573,CHEBI:69014,[*]N=NN([*])[*],[H][C@@]12CC[C@H](C)c3c(O)c(O)c(C)c([C@@H](C[C@@H]1C)C=C(C)C)c23
CHEBI:72573,CHEBI:7728,[*]N=NN([*])[*],CCCCCCCCN
CHEBI:78591,CHEBI:100636,COC[C@H](C[C@H]1O[C@@H](C[C@@H](O)C1(C)C)[C@@H](NC(=O)[C@@H](O)[C@]1(CC(=C)[C@@H](C)[C@@H](C)O1)OC)OC)OC,C[C@H]1CN[C@@H](COC2=C(C=C(C=C2)NC(=O)C3=NOC(=C3)C)C(=O)N(C[C@@H]1OC)C)C
CHEBI:78591,CHEBI:124254,COC[C@H](C[C@H]1O[C@@H](C[C@@H](O)C1(C)C)[C@@H](NC(=O)[C@@H](O)[C@]1(CC(=C)[C@@H](C)[C@@H](C)O1)OC)OC)OC,C[C@H]1CN(C(=O)CC2=C(C=CC(=C2)NC(=O)C3CC3)O[C@H]1CN(C)CC4=CC=C(C=C4)C(=O)NC5=CC=CC=C5N)[C@H](C)CO
CHEBI:78591,CHEBI:15825,COC[C@H](C[C@H]1O[C@@H](C[C@@H](O)C1(C)C)[C@@H](NC(=O)[C@@H](O)[C@]1(CC(=C)[C@@H](C)[C@@H](C)O1)OC)OC)OC,CC(C)=CC=O
CHEBI:78591,CHEBI:166,COC[C@H](C[C@H]1O[C@@H](C[C@@H](O)C1(C)C)[C@@H](NC(=O)[C@@H](O)[C@]1(CC(=C)[C@@H](C)[C@@H](C)O1)OC)OC)OC,C[C@H]1CC[C@H](CC1=O)C(C)=C
CHEBI:78591,CHEBI:17344,COC[C@H](C[C@H]1O[C@@H](C[C@@H](O)C1(C)C)[C@@H](NC(=O)[C@@H](O)[C@]1(CC(=C)[C@@H](C)[C@@H](C)O1)OC)OC)OC,OC(=O)\C=C/C=C(C(O)=O)C(O)=O
CHEBI:78591,CHEBI:27743,COC[C@H](C[C@H]1O[C@@H](C[C@@H](O)C1(C)C)[C@@H](NC(=O)[C@@H](O)[C@]1(CC(=C)[C@@H](C)[C@@H](C)O1)OC)OC)OC,[*]SC(=O)C=C=C
CHEBI:78591,CHEBI:27825,COC[C@H](C[C@H]1O[C@@H](C[C@@H](O)C1(C)C)[C@@H](NC(=O)[C@@H](O)[C@]1(CC(=C)[C@@H](C)[C@@H](C)O1)OC)OC)OC,COc1cc(O)c2c(c1)oc(-c1ccc(OC)c(O)c1)c(OC)c2=O
CHEBI:78591,CHEBI:28138,COC[C@H](C[C@H]1O[C@@H](C[C@@H](O)C1(C)C)[C@@H](NC(=O)[C@@H](O)[C@]1(CC(=C)[C@@H](C)[C@@H](C)O1)OC)OC)OC,C[C@@H](NC(=O)[C@@H](C)NC(=O)[C@H](CCC[C@@H](N)C(O)=O)NC(=O)CC[C@@H](NC(=O)[C@H](C)NC(=O)[C@@H](C)O[C@@H]1[C@@H](NC(C)=O)[C@@H](OP(O)(=O)OP(O)(=O)OC\C=C(\C)CC\C=C(\C)CC\C=C(\C)CC\C=C(\C)CC\C=C(\C)CC\C=C(\C)CC\C=C(\C)CC\C=C(\C)CC\C=C(/C)CC\C=C(/C)CCC=C(C)C)O[C@H](CO)[C@H]1O[C@@H]1O[C@H](CO)[C@@H](O)[C@H](O)[C@H]1NC(C)=O)C(O)=O)C(O)=O
CHEBI:78591,CHEBI:28359,COC[C@H](C[C@H]1O[C@@H](C[C@@H](O)C1(C)C)[C@@H](NC(=O)[C@@H](O)[C@]1(CC(=C)[C@@H](C)[C@@H](C)O1)OC)OC)OC,CC1(C)[C@H]2CCC(=C)[C@@H]1C2
CHEBI:78591,CHEBI:28502,COC[C@H](C[C@H]1O[C@@H](C[C@@H](O)C1(C)C)[C@@H](NC(=O)[C@@H](O)[C@]1(CC(=C)[C@@H](C)[C@@H](C)O1)OC)OC)OC,C1CN=C(Cc2ccccc2)N1
CHEBI:78591,CHEBI:30718,COC[C@H](C[C@H]1O[C@@H](C[C@@H](O)C1(C)C)[C@@H](NC(=O)[C@@H](O)[C@]1(CC(=C)[C@@H](C)[C@@H](C)O1)OC)OC)OC,N#[N][Mo+4]123([N]#N)[P-](CC[P-]1(c1ccccc1)c1ccccc1)(c1ccccc1)c1ccccc1.C(C[P-]2(c1ccccc1)c1ccccc1)[P-]3(c1ccccc1)c1ccccc1
CHEBI:78591,CHEBI:37476,COC[C@H](C[C@H]1O[C@@H](C[C@@H](O)C1(C)C)[C@@H](NC(=O)[C@@H](O)[C@]1(CC(=C)[C@@H](C)[C@@H](C)O1)OC)OC)OC,O[C@H]1C=Cc2c(ccc3ccccc23)[C@H]1O
CHEBI:78591,CHEBI:48242,COC[C@H](C[C@H]1O[C@@H](C[C@@H](O)C1(C)C)[C@@H](NC(=O)[C@@H](O)[C@]1(CC(=C)[C@@H](C)[C@@H](C)O1)OC)OC)OC,O=[Cr]O[Cr]=O
CHEBI:78591,CHEBI:5822,COC[C@H](C[C@H]1O[C@@H](C[C@@H](O)C1(C)C)[C@@H](NC(=O)[C@@H](O)[C@]1(CC(=C)[C@@H](C)[C@@H](C)O1)OC)OC)OC,C[C@]12CCC[C@@]3(C)[C@H]1[C@H](OC2=O)C=C1C[C@@](C)(CCOS([O-])(=O)=O)CC[C@]31O
CHEBI:78591,CHEBI:616,COC[C@H](C[C@H]1O[C@@H](C[C@@H](O)C1(C)C)[C@@H](NC(=O)[C@@H](O)[C@]1(CC(=C)[C@@H](C)[C@@H](C)O1)OC)OC)OC,Cc1cc(C)n(CC(O)Cn2c3ccccc3c3ccccc23)n1
CHEBI:78591,CHEBI:75308,COC[C@H](C[C@H]1O[C@@H](C[C@@H](O)C1(C)C)[C@@H](NC(=O)[C@@H](O)[C@]1(CC(=C)[C@@H](C)[C@@H](C)O1)OC)OC)OC,[H][C@@]12CCC3=CC(=O)CC[C@]3(C=O)[C@@]1([H])CC[C@]1(C)[C@@H](O)CC[C@@]21[H]
CHEBI:78591,CHEBI:7728,COC[C@H](C[C@H]1O[C@@H](C[C@@H](O)C1(C)C)[C@@H](NC(=O)[C@@H](O)[C@]1(CC(=C)[C@@H](C)[C@@H](C)O1)OC)OC)OC,CCCCCCCCN
CHEBI:135605,CHEBI:100636,C(CN(CCO)CC)N1C2=C(N=C1CC3=CC=CC=C3)N(C)C(N(C2=O)C)=O,C[C@H]1CN[C@@H](COC2=C(C=C(C=C2)NC(=O)C3=NOC(=C3)C)C(=O)N(C[C@@H]1OC)C)C
CHEBI:135605,CHEBI:124254,C(CN(CCO)CC)N1C2=C(N=C1CC3=CC=CC=C3)N(C)C(N(C2=O)C)=O,C[C@H]1CN(C(=O)CC2=C(C=CC(=C2)NC(=O)C3CC3)O[C@H]1CN(C)CC4=CC=C(C=C4)C(=O)NC5=CC=CC=C5N)[C@H](C)CO
CHEBI:135605,CHEBI:15696,C(CN(CCO)CC)N1C2=C(N=C1CC3=CC=CC=C3)N(C)C(N(C2=O)C)=O,CC(=O)N[C@@H]1[C@@H](O)[C@H](O[C@@H]2O[C@H](CO)[C@@H](O)[C@H](O)[C@H]2O)[C@@H](CO)OC1OP(O)(=O)OP(O)(=O)OC\C=C(\C)CC\C=C(\C)CC\C=C(\C)CC\C=C(\C)CC\C=C(\C)CC\C=C(\C)CC\C=C(\C)CC\C=C(\C)CC\C=C(/C)CC\C=C(/C)CCC=C(C)C
CHEBI:135605,CHEBI:15825,C(CN(CCO)CC)N1C2=C(N=C1CC3=CC=CC=C3)N(C)C(N(C2=O)C)=O,CC(C)=CC=O
CHEBI:135605,CHEBI:16286,C(CN(CCO)CC)N1C2=C(N=C1CC3=CC=CC=C3)N(C)C(N(C2=O)C)=O,[H][C@@]1(CC[C@@]2([H])C3=CC[C@@]4([H])[C@](C)(C=O)[C@@H](O)CC[C@]4(C)[C@@]3([H])CC[C@]12C)[C@H](C)CCCC(C)C
CHEBI:135605,CHEBI:166,C(CN(CCO)CC)N1C2=C(N=C1CC3=CC=CC=C3)N(C)C(N(C2=O)C)=O,C[C@H]1CC[C@H](CC1=O)C(C)=C
CHEBI:135605,CHEBI:16850,C(CN(CCO)CC)N1C2=C(N=C1CC3=CC=CC=C3)N(C)C(N(C2=O)C)=O,[H][C@@]12CC[C@@]3(C)CCC(=O)C(C)=C3[C@@]1([H])OC(=O)[C@H]2C
CHEBI:135605,CHEBI:18400,C(CN(CCO)CC)N1C2=C(N=C1CC3=CC=CC=C3)N(C)C(N(C2=O)C)=O,OC1=CC(=O)C=CC1=O
CHEBI:135605,CHEBI:2030,C(CN(CCO)CC)N1C2=C(N=C1CC3=CC=CC=C3)N(C)C(N(C2=O)C)=O,NC(=O)c1nc[nH]c1N
CHEBI:135605,CHEBI:212,C(CN(CCO)CC)N1C2=C(N=C1CC3=CC=CC=C3)N(C)C(N(C2=O)C)=O,CC(=O)CC[C@@H](CC(=O)SCCNC(=O)CCNC(=O)[C@H](O)C(C)(C)COP(O)(=O)OP(O)(=O)OC[C@H]1O[C@H]([C@H](O)[C@@H]1OP(O)(O)=O)n1cnc2c(N)ncnc12)C(C)=C
CHEBI:135605,CHEBI:2220,C(CN(CCO)CC)N1C2=C(N=C1CC3=CC=CC=C3)N(C)C(N(C2=O)C)=O,O[C@@H]1CO[C@@H](OC[C@H]2O[C@@H](O[*])[C@H](O)[C@@H](O)[C@@H]2O)[C@H](O)[C@H]1O
CHEBI:135605,CHEBI:27808,C(CN(CCO)CC)N1C2=C(N=C1CC3=CC=CC=C3)N(C)C(N(C2=O)C)=O,[H][C@]12C=C[C@H](OC(C)=O)[C@@H]3Oc4c(OC(C)=O)ccc5C[C@H]1N(C)CC[C@@]23c45
CHEBI:135605,CHEBI:27825,C(CN(CCO)CC)N1C2=C(N=C1CC3=CC=CC=C3)N(C)C(N(C2=O)C)=O,COc1cc(O)c2c(c1)oc(-c1ccc(OC)c(O)c1)c(OC)c2=O
CHEBI:135605,CHEBI:28142,C(CN(CCO)CC)N1C2=C(N=C1CC3=CC=CC=C3)N(C)C(N(C2=O)C)=O,OC(O)C(Cl)(Cl)Cl
CHEBI:135605,CHEBI:34809,C(CN(CCO)CC)N1C2=C(N=C1CC3=CC=CC=C3)N(C)C(N(C2=O)C)=O,CC(C)S(=O)(=O)NCC(C)c1ccc(NC(=O)c2ccccc2)cc1
CHEBI:135605,CHEBI:34810,C(CN(CCO)CC)N1C2=C(N=C1CC3=CC=CC=C3)N(C)C(N(C2=O)C)=O,[C@@H]1(O[C@H]([C@H](O)[C@H]([C@H]1O)O)O[C@@H]([C@@H]([C@H](CO)O)O)[C@@H](CO)O)CO.O.O
CHEBI:135605,CHEBI:37476,C(CN(CCO)CC)N1C2=C(N=C1CC3=CC=CC=C3)N(C)C(N(C2=O)C)=O,O[C@H]1C=Cc2c(ccc3ccccc23)[C@H]1O
CHEBI:135605,CHEBI:48242,C(CN(CCO)CC)N1C2=C(N=C1CC3=CC=CC=C3)N(C)C(N(C2=O)C)=O,O=[Cr]O[Cr]=O
CHEBI:135605,CHEBI:48510,C(CN(CCO)CC)N1C2=C(N=C1CC3=CC=CC=C3)N(C)C(N(C2=O)C)=O,O(S(C(F)(F)F)(=O)=O)*
CHEBI:135605,CHEBI:52618,C(CN(CCO)CC)N1C2=C(N=C1CC3=CC=CC=C3)N(C)C(N(C2=O)C)=O,OC([*])C(O)=O
CHEBI:135605,CHEBI:69014,C(CN(CCO)CC)N1C2=C(N=C1CC3=CC=CC=C3)N(C)C(N(C2=O)C)=O,[H][C@@]12CC[C@H](C)c3c(O)c(O)c(C)c([C@@H](C[C@@H]1C)C=C(C)C)c23
CHEBI:135605,CHEBI:7728,C(CN(CCO)CC)N1C2=C(N=C1CC3=CC=CC=C3)N(C)C(N(C2=O)C)=O,CCCCCCCCN
CHEBI:4995,CHEBI:100636,NC(=O)OCC(COC(N)=O)c1ccccc1,C[C@H]1CN[C@@H](COC2=C(C=C(C=C2)NC(=O)C3=NOC(=C3)C)C(=O)N(C[C@@H]1OC)C)C
CHEBI:4995,CHEBI:124254,NC(=O)OCC(COC(N)=O)c1ccccc1,C[C@H]1CN(C(=O)CC2=C(C=CC(=C2)NC(=O)C3CC3)O[C@H]1CN(C)CC4=CC=C(C=C4)C(=O)NC5=CC=CC=C5N)[C@H](C)CO
CHEBI:4995,CHEBI:15448,NC(=O)OCC(COC(N)=O)c1ccccc1,CC(C)(COP(O)(=O)OP(O)(=O)OC[C@H]1O[C@H]([C@H](O)[C@@H]1OP(O)(O)=O)n1cnc2c(N)ncnc12)[C@@H](O)C(=O)NCCC(=O)NCCSC(=O)CC1(O)CCCCC1
CHEBI:4995,CHEBI:15580,NC(=O)OCC(COC(N)=O)c1ccccc1,CC[C@]1(C)O[C@@H]1CC\C(C)=C\CC\C(C)=C\C(O)=O
CHEBI:4995,CHEBI:15825,NC(=O)OCC(COC(N)=O)c1ccccc1,CC(C)=CC=O
CHEBI:4995,CHEBI:16286,NC(=O)OCC(COC(N)=O)c1ccccc1,[H][C@@]1(CC[C@@]2([H])C3=CC[C@@]4([H])[C@](C)(C=O)[C@@H](O)CC[C@]4(C)[C@@]3([H])CC[C@]12C)[C@H](C)CCCC(C)C
CHEBI:4995,CHEBI:166,NC(=O)OCC(COC(N)=O)c1ccccc1,C[C@H]1CC[C@H](CC1=O)C(C)=C
CHEBI:4995,CHEBI:16752,NC(=O)OCC(COC(N)=O)c1ccccc1,NC[C@@H](CC[C@H](N)C(O)=O)OP(O)(O)=O
CHEBI:4995,CHEBI:20,NC(=O)OCC(COC(N)=O)c1ccccc1,CC1(C)[C@@H]2CC[C@@H](C2)C1=C
CHEBI:4995,CHEBI:212,NC(=O)OCC(COC(N)=O)c1ccccc1,CC(=O)CC[C@@H](CC(=O)SCCNC(=O)CCNC(=O)[C@H](O)C(C)(C)COP(O)(=O)OP(O)(=O)OC[C@H]1O[C@H]([C@H](O)[C@@H]1OP(O)(O)=O)n1cnc2c(N)ncnc12)C(C)=C
CHEBI:4995,CHEBI:2220,NC(=O)OCC(COC(N)=O)c1ccccc1,O[C@@H]1CO[C@@H](OC[C@H]2O[C@@H](O[*])[C@H](O)[C@@H](O)[C@@H]2O)[C@H](O)[C@H]1O
CHEBI:4995,CHEBI:27460,NC(=O)OCC(COC(N)=O)c1ccccc1,COc1cc2CCN[C@@H](Cc3ccc(O)c(O)c3)c2cc1O
CHEBI:4995,CHEBI:27808,NC(=O)OCC(COC(N)=O)c1ccccc1,[H][C@]12C=C[C@H](OC(C)=O)[C@@H]3Oc4c(OC(C)=O)ccc5C[C@H]1N(C)CC[C@@]23c45
CHEBI:4995,CHEBI:27825,NC(=O)OCC(COC(N)=O)c1ccccc1,COc1cc(O)c2c(c1)oc(-c1ccc(OC)c(O)c1)c(OC)c2=O
CHEBI:4995,CHEBI:28142,NC(=O)OCC(COC(N)=O)c1ccccc1,OC(O)C(Cl)(Cl)Cl
CHEBI:4995,CHEBI:30718,NC(=O)OCC(COC(N)=O)c1ccccc1,N#[N][Mo+4]123([N]#N)[P-](CC[P-]1(c1ccccc1)c1ccccc1)(c1ccccc1)c1ccccc1.C(C[P-]2(c1ccccc1)c1ccccc1)[P-]3(c1ccccc1)c1ccccc1
CHEBI:4995,CHEBI:31254,NC(=O)OCC(COC(N)=O)c1ccccc1,O(CC(C[NH2+]C(C)C)O)C1=C2C(=CC=C1)C=C(O2)C(C)=O.[Cl-]
CHEBI:4995,CHEBI:3188,NC(=O)OCC(COC(N)=O)c1ccccc1,COC(=O)[C@]12OC[C@@]34[C@H]1[C@@H](OC(=O)\C=C(/C)C(C)C)C(=O)O[C@@H]3C[C@H]1C(C)=C(O)C(=O)C[C@]1(C)[C@H]4[C@@H](O)[C@@H]2O
CHEBI:4995,CHEBI:34809,NC(=O)OCC(COC(N)=O)c1ccccc1,CC(C)S(=O)(=O)NCC(C)c1ccc(NC(=O)c2ccccc2)cc1
CHEBI:4995,CHEBI:34810,NC(=O)OCC(COC(N)=O)c1ccccc1,[C@@H]1(O[C@H]([C@H](O)[C@H]([C@H]1O)O)O[C@@H]([C@@H]([C@H](CO)O)O)[C@@H](CO)O)CO.O.O
CHEBI:4995,CHEBI:37476,NC(=O)OCC(COC(N)=O)c1ccccc1,O[C@H]1C=Cc2c(ccc3ccccc23)[C@H]1O
CHEBI:4995,CHEBI:48242,NC(=O)OCC(COC(N)=O)c1ccccc1,O=[Cr]O[Cr]=O
CHEBI:4995,CHEBI:48510,NC(=O)OCC(COC(N)=O)c1ccccc1,O(S(C(F)(F)F)(=O)=O)*
CHEBI:4995,CHEBI:616,NC(=O)OCC(COC(N)=O)c1ccccc1,Cc1cc(C)n(CC(O)Cn2c3ccccc3c3ccccc23)n1
CHEBI:4995,CHEBI:7728,NC(=O)OCC(COC(N)=O)c1ccccc1,CCCCCCCCN
CHEBI:5829,CHEBI:100636,Cc1cc(=O)n(o1)[C@H]1O[C@H](CO)[C@@H](O)[C@H](O)[C@H]1O,C[C@H]1CN[C@@H](COC2=C(C=C(C=C2)NC(=O)C3=NOC(=C3)C)C(=O)N(C[C@@H]1OC)C)C
CHEBI:5829,CHEBI:105046,Cc1cc(=O)n(o1)[C@H]1O[C@H](CO)[C@@H](O)[C@H](O)[C@H]1O,COC1=CC=CC(=C1)C(=O)NC2=CC3=C(C=C2Br)OCCCO3
CHEBI:5829,CHEBI:124254,Cc1cc(=O)n(o1)[C@H]1O[C@H](CO)[C@@H](O)[C@H](O)[C@H]1O,C[C@H]1CN(C(=O)CC2=C(C=CC(=C2)NC(=O)C3CC3)O[C@H]1CN(C)CC4=CC=C(C=C4)C(=O)NC5=CC=CC=C5N)[C@H](C)CO
CHEBI:5829,CHEBI:15825,Cc1cc(=O)n(o1)[C@H]1O[C@H](CO)[C@@H](O)[C@H](O)[C@H]1O,CC(C)=CC=O
CHEBI:5829,CHEBI:15950,Cc1cc(=O)n(o1)[C@H]1O[C@H](CO)[C@@H](O)[C@H](O)[C@H]1O,COc1cc2CCN[C@@H](Cc3ccc(O)cc3)c2cc1O
CHEBI:5829,CHEBI:16286,Cc1cc(=O)n(o1)[C@H]1O[C@H](CO)[C@@H](O)[C@H](O)[C@H]1O,[H][C@@]1(CC[C@@]2([H])C3=CC[C@@]4([H])[C@](C)(C=O)[C@@H](O)CC[C@]4(C)[C@@]3([H])CC[C@]12C)[C@H](C)CCCC(C)C
CHEBI:5829,CHEBI:166,Cc1cc(=O)n(o1)[C@H]1O[C@H](CO)[C@@H](O)[C@H](O)[C@H]1O,C[C@H]1CC[C@H](CC1=O)C(C)=C
CHEBI:5829,CHEBI:16632,Cc1cc(=O)n(o1)[C@H]1O[C@H](CO)[C@@H](O)[C@H](O)[C@H]1O,COc1cc(ccc1O)C([O-])=O
CHEBI:5829,CHEBI:185462,Cc1cc(=O)n(o1)[C@H]1O[C@H](CO)[C@@H](O)[C@H](O)[C@H]1O,O1C(CC(=O)C=2C1=CC(O)=CC2O)C3=C(CC=C(C)C)C(O)=C(O)C=C3
CHEBI:5829,CHEBI:212,Cc1cc(=O)n(o1)[C@H]1O[C@H](CO)[C@@H](O)[C@H](O)[C@H]1O,CC(=O)CC[C@@H](CC(=O)SCCNC(=O)CCNC(=O)[C@H](O)C(C)(C)COP(O)(=O)OP(O)(=O)OC[C@H]1O[C@H]([C@H](O)[C@@H]1OP(O)(O)=O)n1cnc2c(N)ncnc12)C(C)=C
CHEBI:5829,CHEBI:2220,Cc1cc(=O)n(o1)[C@H]1O[C@H](CO)[C@@H](O)[C@H](O)[C@H]1O,O[C@@H]1CO[C@@H](OC[C@H]2O[C@@H](O[*])[C@H](O)[C@@H](O)[C@@H]2O)[C@H](O)[C@H]1O
CHEBI:5829,CHEBI:27808,Cc1cc(=O)n(o1)[C@H]1O[C@H](CO)[C@@H](O)[C@H](O)[C@H]1O,[H][C@]12C=C[C@H](OC(C)=O)[C@@H]3Oc4c(OC(C)=O)ccc5C[C@H]1N(C)CC[C@@]23c45
CHEBI:5829,CHEBI:27825,Cc1cc(=O)n(o1)[C@H]1O[C@H](CO)[C@@H](O)[C@H](O)[C@H]1O,COc1cc(O)c2c(c1)oc(-c1ccc(OC)c(O)c1)c(OC)c2=O
CHEBI:5829,CHEBI:28142,Cc1cc(=O)n(o1)[C@H]1O[C@H](CO)[C@@H](O)[C@H](O)[C@H]1O,OC(O)C(Cl)(Cl)Cl
CHEBI:5829,CHEBI:29055,Cc1cc(=O)n(o1)[C@H]1O[C@H](CO)[C@@H](O)[C@H](O)[C@H]1O,Oc1ccc(CC(=O)C([O-])=O)cc1O
CHEBI:5829,CHEBI:30796,Cc1cc(=O)n(o1)[C@H]1O[C@H](CO)[C@@H](O)[C@H](O)[C@H]1O,O[C@H](CC(O)=O)C(O)=O
CHEBI:5829,CHEBI:34809,Cc1cc(=O)n(o1)[C@H]1O[C@H](CO)[C@@H](O)[C@H](O)[C@H]1O,CC(C)S(=O)(=O)NCC(C)c1ccc(NC(=O)c2ccccc2)cc1
CHEBI:5829,CHEBI:34810,Cc1cc(=O)n(o1)[C@H]1O[C@H](CO)[C@@H](O)[C@H](O)[C@H]1O,[C@@H]1(O[C@H]([C@H](O)[C@H]([C@H]1O)O)O[C@@H]([C@@H]([C@H](CO)O)O)[C@@H](CO)O)CO.O.O
CHEBI:5829,CHEBI:37476,Cc1cc(=O)n(o1)[C@H]1O[C@H](CO)[C@@H](O)[C@H](O)[C@H]1O,O[C@H]1C=Cc2c(ccc3ccccc23)[C@H]1O
CHEBI:5829,CHEBI:48242,Cc1cc(=O)n(o1)[C@H]1O[C@H](CO)[C@@H](O)[C@H](O)[C@H]1O,O=[Cr]O[Cr]=O
CHEBI:5829,CHEBI:48510,Cc1cc(=O)n(o1)[C@H]1O[C@H](CO)[C@@H](O)[C@H](O)[C@H]1O,O(S(C(F)(F)F)(=O)=O)*
CHEBI:5829,CHEBI:7728,Cc1cc(=O)n(o1)[C@H]1O[C@H](CO)[C@@H](O)[C@H](O)[C@H]1O,CCCCCCCCN
CHEBI:5829,CHEBI:84001,Cc1cc(=O)n(o1)[C@H]1O[C@H](CO)[C@@H](O)[C@H](O)[C@H]1O,FC(F)C(F)(F)OC[C@H](Cn1cncn1)c1ccc(Cl)cc1Cl
CHEBI:44115,CHEBI:100743,OS(=O)(=O)CCCN1CCOCC1,CN(C)C1=CC2=C(C=C1)O[C@H]3[C@@H]2C[C@@H](O[C@H]3CO)CC(=O)NCC4CC4
CHEBI:44115,CHEBI:102152,OS(=O)(=O)CCCN1CCOCC1,C[C@@H]1CN(C(=O)C2=C(C3=CC=CC=C3CO[C@H]1CN(C)C(=O)OCC(C)C)C4=CC=CC=C4N2C)[C@H](C)CO
CHEBI:44115,CHEBI:1040,OS(=O)(=O)CCCN1CCOCC1,Oc1nc(O)nc(Cl)n1
CHEBI:44115,CHEBI:124254,OS(=O)(=O)CCCN1CCOCC1,C[C@H]1CN(C(=O)CC2=C(C=CC(=C2)NC(=O)C3CC3)O[C@H]1CN(C)CC4=CC=C(C=C4)C(=O)NC5=CC=CC=C5N)[C@H](C)CO
CHEBI:44115,CHEBI:15825,OS(=O)(=O)CCCN1CCOCC1,CC(C)=CC=O
CHEBI:44115,CHEBI:166,OS(=O)(=O)CCCN1CCOCC1,C[C@H]1CC[C@H](CC1=O)C(C)=C
CHEBI:44115,CHEBI:18400,OS(=O)(=O)CCCN1CCOCC1,OC1=CC(=O)C=CC1=O
CHEBI:44115,CHEBI:27722,OS(=O)(=O)CCCN1CCOCC1,[H][C@@]1(CC[C@@]2([H])[C@]3([H])COC(=O)[C@@]4([H])C[C@H](O)[C@H](O)C[C@]4(C)[C@@]3([H])CC[C@]12C)[C@H](C)[C@@H](O)[C@H](O)[C@H](C)C(C)C
CHEBI:44115,CHEBI:27825,OS(=O)(=O)CCCN1CCOCC1,COc1cc(O)c2c(c1)oc(-c1ccc(OC)c(O)c1)c(OC)c2=O
CHEBI:44115,CHEBI:27967,OS(=O)(=O)CCCN1CCOCC1,[H][C@@]12CCC3=CC(=O)CC[C@]3(C)[C@@]1([H])[C@@H](O)C[C@]1(C)C(=O)CC[C@@]21[H]
CHEBI:44115,CHEBI:29055,OS(=O)(=O)CCCN1CCOCC1,Oc1ccc(CC(=O)C([O-])=O)cc1O
CHEBI:44115,CHEBI:34809,OS(=O)(=O)CCCN1CCOCC1,CC(C)S(=O)(=O)NCC(C)c1ccc(NC(=O)c2ccccc2)cc1
CHEBI:44115,CHEBI:34810,OS(=O)(=O)CCCN1CCOCC1,[C@@H]1(O[C@H]([C@H](O)[C@H]([C@H]1O)O)O[C@@H]([C@@H]([C@H](CO)O)O)[C@@H](CO)O)CO.O.O
CHEBI:44115,CHEBI:37476,OS(=O)(=O)CCCN1CCOCC1,O[C@H]1C=Cc2c(ccc3ccccc23)[C@H]1O
CHEBI:44115,CHEBI:4286,OS(=O)(=O)CCCN1CCOCC1,OS(=O)(=O)c1cc(ccc1\C=C\c1ccc(cc1S(O)(=O)=O)N=C=S)N=C=S
CHEBI:44115,CHEBI:48242,OS(=O)(=O)CCCN1CCOCC1,O=[Cr]O[Cr]=O
CHEBI:44115,CHEBI:69014,OS(=O)(=O)CCCN1CCOCC1,[H][C@@]12CC[C@H](C)c3c(O)c(O)c(C)c([C@@H](C[C@@H]1C)C=C(C)C)c23
CHEBI:44115,CHEBI:7728,OS(=O)(=O)CCCN1CCOCC1,CCCCCCCCN
CHEBI:134105,CHEBI:100636,C=12C(=NC=NC1N)NC(=N2)O,C[C@H]1CN[C@@H](COC2=C(C=C(C=C2)NC(=O)C3=NOC(=C3)C)C(=O)N(C[C@@H]1OC)C)C
CHEBI:134105,CHEBI:124254,C=12C(=NC=NC1N)NC(=N2)O,C[C@H]1CN(C(=O)CC2=C(C=CC(=C2)NC(=O)C3CC3)O[C@H]1CN(C)CC4=CC=C(C=C4)C(=O)NC5=CC=CC=C5N)[C@H](C)CO
CHEBI:134105,CHEBI:15492,C=12C(=NC=NC1N)NC(=N2)O,CC(C)(COP(O)(=O)OP(O)(=O)OC[C@H]1O[C@H]([C@H](O)[C@@H]1OP(O)(O)=O)n1cnc2c(N)ncnc12)[C@@H](O)C(=O)NCCC(=O)NCCSC(=O)CC(=O)CCCC(O)=O
CHEBI:134105,CHEBI:15825,C=12C(=NC=NC1N)NC(=N2)O,CC(C)=CC=O
CHEBI:134105,CHEBI:166,C=12C(=NC=NC1N)NC(=N2)O,C[C@H]1CC[C@H](CC1=O)C(C)=C
CHEBI:134105,CHEBI:16725,C=12C(=NC=NC1N)NC(=N2)O,CC(C)c1ccc(C(O)=O)c(O)c1O
CHEBI:134105,CHEBI:17038,C=12C(=NC=NC1N)NC(=N2)O,[H][C@@]12CCC3=C(CC[C@]4(C)[C@]([H])(CC[C@@]34[H])[C@H](C)CCC(=C)C(C)C)[C@@]1(C)CC[C@H](O)C2
CHEBI:134105,CHEBI:27825,C=12C(=NC=NC1N)NC(=N2)O,COc1cc(O)c2c(c1)oc(-c1ccc(OC)c(O)c1)c(OC)c2=O
CHEBI:134105,CHEBI:282,C=12C(=NC=NC1N)NC(=N2)O,CCCCCC#C\C=C\C=C\CC\C=C\C(=O)NCC(C)C
CHEBI:134105,CHEBI:53209,C=12C(=NC=NC1N)NC(=N2)O,[O-][Ru](=O)(=O)=O.CCC[N+](CCC)(CCC)CCC
CHEBI:134105,CHEBI:7728,C=12C(=NC=NC1N)NC(=N2)O,CCCCCCCCN
CHEBI:31307,CHEBI:100636,Nc1nc(=O)c(Br)c([nH]1)-c1ccccc1,C[C@H]1CN[C@@H](COC2=C(C=C(C=C2)NC(=O)C3=NOC(=C3)C)C(=O)N(C[C@@H]1OC)C)C
CHEBI:31307,CHEBI:10112,Nc1nc(=O)c(Br)c([nH]1)-c1ccccc1,CC(N(O)C(N)=O)c1cc2ccccc2s1
CHEBI:31307,CHEBI:124254,Nc1nc(=O)c(Br)c([nH]1)-c1ccccc1,C[C@H]1CN(C(=O)CC2=C(C=CC(=C2)NC(=O)C3CC3)O[C@H]1CN(C)CC4=CC=C(C=C4)C(=O)NC5=CC=CC=C5N)[C@H](C)CO
CHEBI:31307,CHEBI:129650,Nc1nc(=O)c(Br)c([nH]1)-c1ccccc1,C[C@@H]1CN(C(=O)C2=C(C=CC(=C2)NC(=O)NC3=CC=C(C=C3)OC)O[C@@H]1CN(C)CC4=CC5=C(C=C4)OCO5)[C@@H](C)CO
CHEBI:31307,CHEBI:15492,Nc1nc(=O)c(Br)c([nH]1)-c1ccccc1,CC(C)(COP(O)(=O)OP(O)(=O)OC[C@H]1O[C@H]([C@H](O)[C@@H]1OP(O)(O)=O)n1cnc2c(N)ncnc12)[C@@H](O)C(=O)NCCC(=O)NCCSC(=O)CC(=O)CCCC(O)=O
CHEBI:31307,CHEBI:15657,Nc1nc(=O)c(Br)c([nH]1)-c1ccccc1,C(=C\[C@H](/C=C\CCCCC)OO)\CCCCCCCC(=O)O
CHEBI:31307,CHEBI:15825,Nc1nc(=O)c(Br)c([nH]1)-c1ccccc1,CC(C)=CC=O
CHEBI:31307,CHEBI:16074,Nc1nc(=O)c(Br)c([nH]1)-c1ccccc1,[H][C@]12CC[C@]3([H])[C@]([H])(CC[C@]4(C)[C@]([H])(CC[C@@]34[H])[C@H](C)CCCC(C)C)[C@@]1(C)CCC(=O)C2
CHEBI:31307,CHEBI:16286,Nc1nc(=O)c(Br)c([nH]1)-c1ccccc1,[H][C@@]1(CC[C@@]2([H])C3=CC[C@@]4([H])[C@](C)(C=O)[C@@H](O)CC[C@]4(C)[C@@]3([H])CC[C@]12C)[C@H](C)CCCC(C)C
CHEBI:31307,CHEBI:166,Nc1nc(=O)c(Br)c([nH]1)-c1ccccc1,C[C@H]1CC[C@H](CC1=O)C(C)=C
CHEBI:31307,CHEBI:16770,Nc1nc(=O)c(Br)c([nH]1)-c1ccccc1,C[C@H](NCCC[C@H](N)C(O)=O)C(O)=O
CHEBI:31307,CHEBI:17330,Nc1nc(=O)c(Br)c([nH]1)-c1ccccc1,OC(=O)CC(=O)S[*]
CHEBI:31307,CHEBI:18298,Nc1nc(=O)c(Br)c([nH]1)-c1ccccc1,CC(C)CCC[C@@H](C)CCC[C@@H](C)CCC\C(C)=C\CC1(O)C(C)C(=O)c2ccccc2C1=O
CHEBI:31307,CHEBI:20384,Nc1nc(=O)c(Br)c([nH]1)-c1ccccc1,C[C@](O)(C[C@H](N)C(O)=O)C(O)=O
CHEBI:31307,CHEBI:2220,Nc1nc(=O)c(Br)c([nH]1)-c1ccccc1,O[C@@H]1CO[C@@H](OC[C@H]2O[C@@H](O[*])[C@H](O)[C@@H](O)[C@@H]2O)[C@H](O)[C@H]1O
CHEBI:31307,CHEBI:27825,Nc1nc(=O)c(Br)c([nH]1)-c1ccccc1,COc1cc(O)c2c(c1)oc(-c1ccc(OC)c(O)c1)c(OC)c2=O
CHEBI:31307,CHEBI:28071,Nc1nc(=O)c(Br)c([nH]1)-c1ccccc1,O[C@H]1CO[C@H](O[C@@H]2[C@@H](O)[C@H](O)[C@@H](OC(=O)Cc3c[nH]c4ccccc34)[C@@H](O)[C@H]2O)[C@H](O)[C@H]1O
CHEBI:31307,CHEBI:28142,Nc1nc(=O)c(Br)c([nH]1)-c1ccccc1,OC(O)C(Cl)(Cl)Cl
CHEBI:31307,CHEBI:28359,Nc1nc(=O)c(Br)c([nH]1)-c1ccccc1,CC1(C)[C@H]2CCC(=C)[C@@H]1C2
CHEBI:31307,CHEBI:28502,Nc1nc(=O)c(Br)c([nH]1)-c1ccccc1,C1CN=C(Cc2ccccc2)N1
CHEBI:31307,CHEBI:28708,Nc1nc(=O)c(Br)c([nH]1)-c1ccccc1,CC(C)c1cccc(O)c1O
CHEBI:31307,CHEBI:30717,Nc1nc(=O)c(Br)c([nH]1)-c1ccccc1,F[Mo--]1(F)(F)(F)(=O)OO1
CHEBI:31307,CHEBI:30718,Nc1nc(=O)c(Br)c([nH]1)-c1ccccc1,N#[N][Mo+4]123([N]#N)[P-](CC[P-]1(c1ccccc1)c1ccccc1)(c1ccccc1)c1ccccc1.C(C[P-]2(c1ccccc1)c1ccccc1)[P-]3(c1ccccc1)c1ccccc1
CHEBI:31307,CHEBI:37476,Nc1nc(=O)c(Br)c([nH]1)-c1ccccc1,O[C@H]1C=Cc2c(ccc3ccccc23)[C@H]1O
CHEBI:31307,CHEBI:48242,Nc1nc(=O)c(Br)c([nH]1)-c1ccccc1,O=[Cr]O[Cr]=O
CHEBI:31307,CHEBI:616,Nc1nc(=O)c(Br)c([nH]1)-c1ccccc1,Cc1cc(C)n(CC(O)Cn2c3ccccc3c3ccccc23)n1
CHEBI:31307,CHEBI:6690,Nc1nc(=O)c(Br)c([nH]1)-c1ccccc1,CNCCCC12CCC(c3ccccc13)c1ccccc21
CHEBI:31307,CHEBI:67246,Nc1nc(=O)c(Br)c([nH]1)-c1ccccc1,COc1cc(C[C@H]2CO[C@@H]([C@H]2CO)c2ccc(O)c(OC)c2)ccc1O
CHEBI:31307,CHEBI:7020,Nc1nc(=O)c(Br)c([nH]1)-c1ccccc1,CC[C@H](C)C(=O)c1c(O)cc(O)cc1O
CHEBI:31307,CHEBI:7728,Nc1nc(=O)c(Br)c([nH]1)-c1ccccc1,CCCCCCCCN
CHEBI:31307,CHEBI:8036,Nc1nc(=O)c(Br)c([nH]1)-c1ccccc1,C[C@@]12CC[C@]3([C@@H](C1)C1=CC[C@@H]4[C@@]5(C)CC[C@H](O)C(C)(C)[C@@H]5CC[C@@]4(C)[C@]1(C)C[C@@H]23)C(O)=O
CHEBI:31307,CHEBI:89678,Nc1nc(=O)c(Br)c([nH]1)-c1ccccc1,C([C@@](COC(CCCCCCCCC/C=C\CCCCCC)=O)(OC(CCCCCCC/C=C\CCCCCC)=O)[H])OP([O-])(=O)OCC[N+](C)(C)C
CHEBI:31307,CHEBI:9424,Nc1nc(=O)c(Br)c([nH]1)-c1ccccc1,C[C@H]1[C@@H]2CN(C)C[C@H](C)C2=CC1=O
CHEBI:9725,CHEBI:124254,CC(CN(C)C)CN1c2ccccc2Sc2ccccc12,C[C@H]1CN(C(=O)CC2=C(C=CC(=C2)NC(=O)C3CC3)O[C@H]1CN(C)CC4=CC=C(C=C4)C(=O)NC5=CC=CC=C5N)[C@H](C)CO
CHEBI:9725,CHEBI:15825,CC(CN(C)C)CN1c2ccccc2Sc2ccccc12,CC(C)=CC=O
CHEBI:9725,CHEBI:166,CC(CN(C)C)CN1c2ccccc2Sc2ccccc12,C[C@H]1CC[C@H](CC1=O)C(C)=C
CHEBI:9725,CHEBI:16871,CC(CN(C)C)CN1c2ccccc2Sc2ccccc12,Cc1ncc2COC(=O)c2c1O
CHEBI:9725,CHEBI:17077,CC(CN(C)C)CN1c2ccccc2Sc2ccccc12,OC[C@@H](O)[C@@H](O)[C@](O)(CO)C(O)=O
CHEBI:9725,CHEBI:18400,CC(CN(C)C)CN1c2ccccc2Sc2ccccc12,OC1=CC(=O)C=CC1=O
CHEBI:9725,CHEBI:27825,CC(CN(C)C)CN1c2ccccc2Sc2ccccc12,COc1cc(O)c2c(c1)oc(-c1ccc(OC)c(O)c1)c(OC)c2=O
CHEBI:9725,CHEBI:34809,CC(CN(C)C)CN1c2ccccc2Sc2ccccc12,CC(C)S(=O)(=O)NCC(C)c1ccc(NC(=O)c2ccccc2)cc1
CHEBI:9725,CHEBI:34810,CC(CN(C)C)CN1c2ccccc2Sc2ccccc12,[C@@H]1(O[C@H]([C@H](O)[C@H]([C@H]1O)O)O[C@@H]([C@@H]([C@H](CO)O)O)[C@@H](CO)O)CO.O.O
CHEBI:9725,CHEBI:37476,CC(CN(C)C)CN1c2ccccc2Sc2ccccc12,O[C@H]1C=Cc2c(ccc3ccccc23)[C@H]1O
CHEBI:9725,CHEBI:48242,CC(CN(C)C)CN1c2ccccc2Sc2ccccc12,O=[Cr]O[Cr]=O
CHEBI:9725,CHEBI:69014,CC(CN(C)C)CN1c2ccccc2Sc2ccccc12,[H][C@@]12CC[C@H](C)c3c(O)c(O)c(C)c([C@@H](C[C@@H]1C)C=C(C)C)c23
CHEBI:9725,CHEBI:7728,CC(CN(C)C)CN1c2ccccc2Sc2ccccc12,CCCCCCCCN
CHEBI:133749,CHEBI:15825,O1C(=CC(=C1CCCCCC)S(O)(=O)=O)CC,CC(C)=CC=O
CHEBI:133749,CHEBI:16290,O1C(=CC(=C1CCCCCC)S(O)(=O)=O)CC,[H][C@@]12CC=C3[C@]4([H])CC[C@]([H])([C@H](C)CCC=C(C)C)[C@@]4(C)CC[C@]3([H])[C@@]1(C)CC[C@H](O)C2
CHEBI:133749,CHEBI:16885,O1C(=CC(=C1CCCCCC)S(O)(=O)=O)CC,OC[C@H]1O[C@H](O[C@]2(CO[C@]3(CO)O[C@H](CO)[C@@H](O)[C@@H]3O)O[C@H](CO)[C@@H](O)[C@@H]2O)[C@H](O)[C@@H](O)[C@@H]1O
CHEBI:133749,CHEBI:28816,O1C(=CC(=C1CCCCCC)S(O)(=O)=O)CC,OC[C@@H](O)[C@@H](O)CC=O
CHEBI:133749,CHEBI:32971,O1C(=CC(=C1CCCCCC)S(O)(=O)=O)CC,Oc1c(Cl)cc(Cl)c(Cl)c1O
CHEBI:133749,CHEBI:38982,O1C(=CC(=C1CCCCCC)S(O)(=O)=O)CC,[B++][H]
CHEBI:16555,CHEBI:100636,CC(S)=O,C[C@H]1CN[C@@H](COC2=C(C=C(C=C2)NC(=O)C3=NOC(=C3)C)C(=O)N(C[C@@H]1OC)C)C
CHEBI:16555,CHEBI:124254,CC(S)=O,C[C@H]1CN(C(=O)CC2=C(C=CC(=C2)NC(=O)C3CC3)O[C@H]1CN(C)CC4=CC=C(C=C4)C(=O)NC5=CC=CC=C5N)[C@H](C)CO
CHEBI:16555,CHEBI:15398,CC(S)=O,[H][C@]12CC(=O)[C@](C)(C[C@H]1O)C2(C)C
CHEBI:16555,CHEBI:15825,CC(S)=O,CC(C)=CC=O
CHEBI:16555,CHEBI:16286,CC(S)=O,[H][C@@]1(CC[C@@]2([H])C3=CC[C@@]4([H])[C@](C)(C=O)[C@@H](O)CC[C@]4(C)[C@@]3([H])CC[C@]12C)[C@H](C)CCCC(C)C
CHEBI:16555,CHEBI:166,CC(S)=O,C[C@H]1CC[C@H](CC1=O)C(C)=C
CHEBI:16555,CHEBI:180399,CC(S)=O,O(C1=C(OC)C=CC(=C1)C=C)C
CHEBI:16555,CHEBI:212,CC(S)=O,CC(=O)CC[C@@H](CC(=O)SCCNC(=O)CCNC(=O)[C@H](O)C(C)(C)COP(O)(=O)OP(O)(=O)OC[C@H]1O[C@H]([C@H](O)[C@@H]1OP(O)(O)=O)n1cnc2c(N)ncnc12)C(C)=C
CHEBI:16555,CHEBI:2220,CC(S)=O,O[C@@H]1CO[C@@H](OC[C@H]2O[C@@H](O[*])[C@H](O)[C@@H](O)[C@@H]2O)[C@H](O)[C@H]1O
CHEBI:16555,CHEBI:27808,CC(S)=O,[H][C@]12C=C[C@H](OC(C)=O)[C@@H]3Oc4c(OC(C)=O)ccc5C[C@H]1N(C)CC[C@@]23c45
CHEBI:16555,CHEBI:27825,CC(S)=O,COc1cc(O)c2c(c1)oc(-c1ccc(OC)c(O)c1)c(OC)c2=O
CHEBI:16555,CHEBI:28142,CC(S)=O,OC(O)C(Cl)(Cl)Cl
CHEBI:16555,CHEBI:28265,CC(S)=O,[C@H]12[C@H]([C@@](CC(N)=O)(C)C3=[N+]1[Ni-2]45[N+]=6[C@H](C3)[C@H]([C@@H]7CCC(C(C67)=C8N5C(=CC9=[N+]4[C@]%10(C2)[C@@]([C@@H]9CCC(O)=O)(C)CC(N%10)=O)[C@H]([C@@H]8CCC(O)=O)CC(O)=O)=O)CC(O)=O)CCC(O)=O
CHEBI:16555,CHEBI:34809,CC(S)=O,CC(C)S(=O)(=O)NCC(C)c1ccc(NC(=O)c2ccccc2)cc1
CHEBI:16555,CHEBI:34810,CC(S)=O,[C@@H]1(O[C@H]([C@H](O)[C@H]([C@H]1O)O)O[C@@H]([C@@H]([C@H](CO)O)O)[C@@H](CO)O)CO.O.O
CHEBI:16555,CHEBI:37476,CC(S)=O,O[C@H]1C=Cc2c(ccc3ccccc23)[C@H]1O
CHEBI:16555,CHEBI:48242,CC(S)=O,O=[Cr]O[Cr]=O
CHEBI:16555,CHEBI:48510,CC(S)=O,O(S(C(F)(F)F)(=O)=O)*
CHEBI:16555,CHEBI:7728,CC(S)=O,CCCCCCCCN
CHEBI:16555,CHEBI:89900,CC(S)=O,COC1=CC=C(C=N1)C(=O)O
CHEBI:16555,CHEBI:99265,CC(S)=O,CC(C)(C)[S@](=O)N1CC2=CC(=NC(=C2[C@@H]1CCO)C3=CC=CC(=C3)C4=CC(=CC=C4)C(=O)N(C)C)C(=O)N5CCCCC5
CHEBI:17189,CHEBI:100636,OC(=O)c1cc(O)ccc1O,C[C@H]1CN[C@@H](COC2=C(C=C(C=C2)NC(=O)C3=NOC(=C3)C)C(=O)N(C[C@@H]1OC)C)C
CHEBI:17189,CHEBI:124254,OC(=O)c1cc(O)ccc1O,C[C@H]1CN(C(=O)CC2=C(C=CC(=C2)NC(=O)C3CC3)O[C@H]1CN(C)CC4=CC=C(C=C4)C(=O)NC5=CC=CC=C5N)[C@H](C)CO
CHEBI:17189,CHEBI:15580,OC(=O)c1cc(O)ccc1O,CC[C@]1(C)O[C@@H]1CC\C(C)=C\CC\C(C)=C\C(O)=O
CHEBI:17189,CHEBI:15653,OC(=O)c1cc(O)ccc1O,[H]C(\C=C/CCCCCCCC(O)=O)=C1O[C@H]1C\C=C/CC
CHEBI:17189,CHEBI:15825,OC(=O)c1cc(O)ccc1O,CC(C)=CC=O
CHEBI:17189,CHEBI:16286,OC(=O)c1cc(O)ccc1O,[H][C@@]1(CC[C@@]2([H])C3=CC[C@@]4([H])[C@](C)(C=O)[C@@H](O)CC[C@]4(C)[C@@]3([H])CC[C@]12C)[C@H](C)CCCC(C)C
CHEBI:17189,CHEBI:166,OC(=O)c1cc(O)ccc1O,C[C@H]1CC[C@H](CC1=O)C(C)=C
CHEBI:17189,CHEBI:2220,OC(=O)c1cc(O)ccc1O,O[C@@H]1CO[C@@H](OC[C@H]2O[C@@H](O[*])[C@H](O)[C@@H](O)[C@@H]2O)[C@H](O)[C@H]1O
CHEBI:17189,CHEBI:27460,OC(=O)c1cc(O)ccc1O,COc1cc2CCN[C@@H](Cc3ccc(O)c(O)c3)c2cc1O
CHEBI:17189,CHEBI:28142,OC(=O)c1cc(O)ccc1O,OC(O)C(Cl)(Cl)Cl
CHEBI:17189,CHEBI:30718,OC(=O)c1cc(O)ccc1O,N#[N][Mo+4]123([N]#N)[P-](CC[P-]1(c1ccccc1)c1ccccc1)(c1ccccc1)c1ccccc1.C(C[P-]2(c1ccccc1)c1ccccc1)[P-]3(c1ccccc1)c1ccccc1
CHEBI:17189,CHEBI:3188,OC(=O)c1cc(O)ccc1O,COC(=O)[C@]12OC[C@@]34[C@H]1[C@@H](OC(=O)\C=C(/C)C(C)C)C(=O)O[C@@H]3C[C@H]1C(C)=C(O)C(=O)C[C@]1(C)[C@H]4[C@@H](O)[C@@H]2O
CHEBI:17189,CHEBI:616,OC(=O)c1cc(O)ccc1O,Cc1cc(C)n(CC(O)Cn2c3ccccc3c3ccccc23)n1
CHEBI:17189,CHEBI:7728,OC(=O)c1cc(O)ccc1O,CCCCCCCCN
CHEBI:60175,CHEBI:100636,NCC(O)CCC(N)C(O)=O,C[C@H]1CN[C@@H](COC2=C(C=C(C=C2)NC(=O)C3=NOC(=C3)C)C(=O)N(C[C@@H]1OC)C)C
CHEBI:60175,CHEBI:114,NCC(O)CCC(N)C(O)=O,O=C([C@H]1[C@@H]([C@@H]([C@H]1c1ccccc1)C(=O)N1CCCC(=C1)[C@H]1CCCCN1)c1ccccc1)N1CCCC(=C1)[C@H]1CCCCN1
CHEBI:60175,CHEBI:124254,NCC(O)CCC(N)C(O)=O,C[C@H]1CN(C(=O)CC2=C(C=CC(=C2)NC(=O)C3CC3)O[C@H]1CN(C)CC4=CC=C(C=C4)C(=O)NC5=CC=CC=C5N)[C@H](C)CO
CHEBI:60175,CHEBI:15580,NCC(O)CCC(N)C(O)=O,CC[C@]1(C)O[C@@H]1CC\C(C)=C\CC\C(C)=C\C(O)=O
CHEBI:60175,CHEBI:15825,NCC(O)CCC(N)C(O)=O,CC(C)=CC=O
CHEBI:60175,CHEBI:16286,NCC(O)CCC(N)C(O)=O,[H][C@@]1(CC[C@@]2([H])C3=CC[C@@]4([H])[C@](C)(C=O)[C@@H](O)CC[C@]4(C)[C@@]3([H])CC[C@]12C)[C@H](C)CCCC(C)C
CHEBI:60175,CHEBI:166,NCC(O)CCC(N)C(O)=O,C[C@H]1CC[C@H](CC1=O)C(C)=C
CHEBI:60175,CHEBI:2220,NCC(O)CCC(N)C(O)=O,O[C@@H]1CO[C@@H](OC[C@H]2O[C@@H](O[*])[C@H](O)[C@@H](O)[C@@H]2O)[C@H](O)[C@H]1O
CHEBI:60175,CHEBI:27460,NCC(O)CCC(N)C(O)=O,COc1cc2CCN[C@@H](Cc3ccc(O)c(O)c3)c2cc1O
CHEBI:60175,CHEBI:28142,NCC(O)CCC(N)C(O)=O,OC(O)C(Cl)(Cl)Cl
CHEBI:60175,CHEBI:28708,NCC(O)CCC(N)C(O)=O,CC(C)c1cccc(O)c1O
CHEBI:60175,CHEBI:30718,NCC(O)CCC(N)C(O)=O,N#[N][Mo+4]123([N]#N)[P-](CC[P-]1(c1ccccc1)c1ccccc1)(c1ccccc1)c1ccccc1.C(C[P-]2(c1ccccc1)c1ccccc1)[P-]3(c1ccccc1)c1ccccc1
CHEBI:60175,CHEBI:3188,NCC(O)CCC(N)C(O)=O,COC(=O)[C@]12OC[C@@]34[C@H]1[C@@H](OC(=O)\C=C(/C)C(C)C)C(=O)O[C@@H]3C[C@H]1C(C)=C(O)C(=O)C[C@]1(C)[C@H]4[C@@H](O)[C@@H]2O
CHEBI:60175,CHEBI:616,NCC(O)CCC(N)C(O)=O,Cc1cc(C)n(CC(O)Cn2c3ccccc3c3ccccc23)n1
CHEBI:60175,CHEBI:7728,NCC(O)CCC(N)C(O)=O,CCCCCCCCN
CHEBI:48981,CHEBI:100636,Oc1cccc2cccnc12,C[C@H]1CN[C@@H](COC2=C(C=C(C=C2)NC(=O)C3=NOC(=C3)C)C(=O)N(C[C@@H]1OC)C)C
CHEBI:48981,CHEBI:124254,Oc1cccc2cccnc12,C[C@H]1CN(C(=O)CC2=C(C=CC(=C2)NC(=O)C3CC3)O[C@H]1CN(C)CC4=CC=C(C=C4)C(=O)NC5=CC=CC=C5N)[C@H](C)CO
CHEBI:48981,CHEBI:15492,Oc1cccc2cccnc12,CC(C)(COP(O)(=O)OP(O)(=O)OC[C@H]1O[C@H]([C@H](O)[C@@H]1OP(O)(O)=O)n1cnc2c(N)ncnc12)[C@@H](O)C(=O)NCCC(=O)NCCSC(=O)CC(=O)CCCC(O)=O
CHEBI:48981,CHEBI:15579,Oc1cccc2cccnc12,[H][C@]12CC[C@]3([H])[C@]([H])(CC[C@@]4(C)[C@@]3([H])C[C@]3([H])O[C@]5(CC[C@H](C)CO5)[C@@H](C)[C@]43[H])[C@@]1(C)CC[C@@H](C2)O[C@@H]1O[C@H](CO)[C@@H](O)[C@H](O)[C@H]1O
CHEBI:48981,CHEBI:15580,Oc1cccc2cccnc12,CC[C@]1(C)O[C@@H]1CC\C(C)=C\CC\C(C)=C\C(O)=O
CHEBI:48981,CHEBI:15728,Oc1cccc2cccnc12,C(=N)(N)NCCCC(O)=O
CHEBI:48981,CHEBI:15825,Oc1cccc2cccnc12,CC(C)=CC=O
CHEBI:48981,CHEBI:16286,Oc1cccc2cccnc12,[H][C@@]1(CC[C@@]2([H])C3=CC[C@@]4([H])[C@](C)(C=O)[C@@H](O)CC[C@]4(C)[C@@]3([H])CC[C@]12C)[C@H](C)CCCC(C)C
CHEBI:48981,CHEBI:16358,Oc1cccc2cccnc12,O[C@H]1CO[C@H](OC[C@H]2O[C@@H](O[C@@H](C#N)c3ccccc3)[C@H](O)[C@@H](O)[C@@H]2O)[C@H](O)[C@H]1O
CHEBI:48981,CHEBI:163778,Oc1cccc2cccnc12,SC[C@H](NC(=O)[C@@H](N)[C@H](O)C)C(=O)N[C@@H](CCC(O)=O)C(O)=O
CHEBI:48981,CHEBI:166,Oc1cccc2cccnc12,C[C@H]1CC[C@H](CC1=O)C(C)=C
CHEBI:48981,CHEBI:17225,Oc1cccc2cccnc12,COC1=C[C@]23CCN(C)[C@H](Cc4ccc(OC)c(O)c24)C3=CC1=O
CHEBI:48981,CHEBI:18169,Oc1cccc2cccnc12,O[C@H]1[C@H](O)[C@H](O)[C@H](OP(O)(O)=O)[C@@H](O)[C@@H]1O
CHEBI:48981,CHEBI:18348,Oc1cccc2cccnc12,[H][C@@](COC([*])=O)(COP(O)(=O)O[C@@H]1[C@H](O)[C@H](O)[C@@H](OP(O)(O)=O)[C@H](OP(O)(O)=O)[C@H]1O)OC([*])=O
CHEBI:48981,CHEBI:27399,Oc1cccc2cccnc12,CCNc1nc(N)nc(Cl)n1
CHEBI:48981,CHEBI:27825,Oc1cccc2cccnc12,COc1cc(O)c2c(c1)oc(-c1ccc(OC)c(O)c1)c(OC)c2=O
CHEBI:48981,CHEBI:30718,Oc1cccc2cccnc12,N#[N][Mo+4]123([N]#N)[P-](CC[P-]1(c1ccccc1)c1ccccc1)(c1ccccc1)c1ccccc1.C(C[P-]2(c1ccccc1)c1ccccc1)[P-]3(c1ccccc1)c1ccccc1
CHEBI:48981,CHEBI:33390,Oc1cccc2cccnc12,[Cm]
CHEBI:48981,CHEBI:42896,Oc1cccc2cccnc12,OC[C@H]1O[C@@H](S)[C@H](O)[C@@H](O)[C@@H]1O
CHEBI:48981,CHEBI:616,Oc1cccc2cccnc12,Cc1cc(C)n(CC(O)Cn2c3ccccc3c3ccccc23)n1
CHEBI:48981,CHEBI:7728,Oc1cccc2cccnc12,CCCCCCCCN
CHEBI:48981,CHEBI:89678,Oc1cccc2cccnc12,C([C@@](COC(CCCCCCCCC/C=C\CCCCCC)=O)(OC(CCCCCCC/C=C\CCCCCC)=O)[H])OP([O-])(=O)OCC[N+](C)(C)C
CHEBI:48981,CHEBI:94290,Oc1cccc2cccnc12,C1C=CCC2C1C(=O)N(C2=O)C3CC(=O)C4OCC3O4
CHEBI:48981,CHEBI:9496,Oc1cccc2cccnc12,Cl.C1CN2CC(N=C2S1)c1ccccc1
CHEBI:81064,CHEBI:100636,CCCCCCCC(=O)N[C@H]1[C@H]2SC(C)(C)[C@@H](N2C1=O)C(O)=O,C[C@H]1CN[C@@H](COC2=C(C=C(C=C2)NC(=O)C3=NOC(=C3)C)C(=O)N(C[C@@H]1OC)C)C
CHEBI:81064,CHEBI:124254,CCCCCCCC(=O)N[C@H]1[C@H]2SC(C)(C)[C@@H](N2C1=O)C(O)=O,C[C@H]1CN(C(=O)CC2=C(C=CC(=C2)NC(=O)C3CC3)O[C@H]1CN(C)CC4=CC=C(C=C4)C(=O)NC5=CC=CC=C5N)[C@H](C)CO
CHEBI:81064,CHEBI:130121,CCCCCCCC(=O)N[C@H]1[C@H]2SC(C)(C)[C@@H](N2C1=O)C(O)=O,C[C@H]1[C@H](CN(C(=O)C2=C(C=CC(=C2)C#N)OCC[C@@H]3CC[C@@H]([C@@H](O3)CN(C1=O)C)OC)C)OC
CHEBI:81064,CHEBI:15825,CCCCCCCC(=O)N[C@H]1[C@H]2SC(C)(C)[C@@H](N2C1=O)C(O)=O,CC(C)=CC=O
CHEBI:81064,CHEBI:16358,CCCCCCCC(=O)N[C@H]1[C@H]2SC(C)(C)[C@@H](N2C1=O)C(O)=O,O[C@H]1CO[C@H](OC[C@H]2O[C@@H](O[C@@H](C#N)c3ccccc3)[C@H](O)[C@@H](O)[C@@H]2O)[C@H](O)[C@H]1O
CHEBI:81064,CHEBI:166,CCCCCCCC(=O)N[C@H]1[C@H]2SC(C)(C)[C@@H](N2C1=O)C(O)=O,C[C@H]1CC[C@H](CC1=O)C(C)=C
CHEBI:81064,CHEBI:30718,CCCCCCCC(=O)N[C@H]1[C@H]2SC(C)(C)[C@@H](N2C1=O)C(O)=O,N#[N][Mo+4]123([N]#N)[P-](CC[P-]1(c1ccccc1)c1ccccc1)(c1ccccc1)c1ccccc1.C(C[P-]2(c1ccccc1)c1ccccc1)[P-]3(c1ccccc1)c1ccccc1
CHEBI:81064,CHEBI:616,CCCCCCCC(=O)N[C@H]1[C@H]2SC(C)(C)[C@@H](N2C1=O)C(O)=O,Cc1cc(C)n(CC(O)Cn2c3ccccc3c3ccccc23)n1
CHEBI:81064,CHEBI:7728,CCCCCCCC(=O)N[C@H]1[C@H]2SC(C)(C)[C@@H](N2C1=O)C(O)=O,CCCCCCCCN
CHEBI:10283,CHEBI:100636,OC([*])C(O)=O,C[C@H]1CN[C@@H](COC2=C(C=C(C=C2)NC(=O)C3=NOC(=C3)C)C(=O)N(C[C@@H]1OC)C)C
CHEBI:10283,CHEBI:10284,OC([*])C(O)=O,CC1CC=C(C)C(\C=C\C(C)=O)C1(C)C
CHEBI:10283,CHEBI:104018,OC([*])C(O)=O,CCC[C@@H]1C[C@H](N(C1)C)C(=O)N[C@@H]([C@@H]2[C@H]([C@@H]([C@H]([C@H](O2)SC)O)O)O)[C@@H](C)O
CHEBI:10283,CHEBI:113782,OC([*])C(O)=O,C[C@H]1CN(C(=O)C2=C(C=CC(=C2)NC(=O)C3=CC=NC=C3)O[C@@H]1CN(C)S(=O)(=O)C)[C@H](C)CO
CHEBI:10283,CHEBI:124254,OC([*])C(O)=O,C[C@H]1CN(C(=O)CC2=C(C=CC(=C2)NC(=O)C3CC3)O[C@H]1CN(C)CC4=CC=C(C=C4)C(=O)NC5=CC=CC=C5N)[C@H](C)CO
CHEBI:10283,CHEBI:127070,OC([*])C(O)=O,CC(C)NC(=O)N1CC2(CN(C2)C(=O)C3=CN=CC=C3)C4=C([C@@H]1CO)NC5=C4C=CC(=C5)OC
CHEBI:10283,CHEBI:15492,OC([*])C(O)=O,CC(C)(COP(O)(=O)OP(O)(=O)OC[C@H]1O[C@H]([C@H](O)[C@@H]1OP(O)(O)=O)n1cnc2c(N)ncnc12)[C@@H](O)C(=O)NCCC(=O)NCCSC(=O)CC(=O)CCCC(O)=O
CHEBI:10283,CHEBI:15579,OC([*])C(O)=O,[H][C@]12CC[C@]3([H])[C@]([H])(CC[C@@]4(C)[C@@]3([H])C[C@]3([H])O[C@]5(CC[C@H](C)CO5)[C@@H](C)[C@]43[H])[C@@]1(C)CC[C@@H](C2)O[C@@H]1O[C@H](CO)[C@@H](O)[C@H](O)[C@H]1O
CHEBI:10283,CHEBI:15580,OC([*])C(O)=O,CC[C@]1(C)O[C@@H]1CC\C(C)=C\CC\C(C)=C\C(O)=O
CHEBI:10283,CHEBI:15728,OC([*])C(O)=O,C(=N)(N)NCCCC(O)=O
CHEBI:10283,CHEBI:158014,OC([*])C(O)=O,SC[C@H](NC(=O)[C@@H](NC(=O)[C@@H](N)CC=1NC=NC1)CC=2C=3C(NC2)=CC=CC3)C(O)=O
CHEBI:10283,CHEBI:15825,OC([*])C(O)=O,CC(C)=CC=O
CHEBI:10283,CHEBI:16286,OC([*])C(O)=O,[H][C@@]1(CC[C@@]2([H])C3=CC[C@@]4([H])[C@](C)(C=O)[C@@H](O)CC[C@]4(C)[C@@]3([H])CC[C@]12C)[C@H](C)CCCC(C)C
CHEBI:10283,CHEBI:16358,OC([*])C(O)=O,O[C@H]1CO[C@H](OC[C@H]2O[C@@H](O[C@@H](C#N)c3ccccc3)[C@H](O)[C@@H](O)[C@@H]2O)[C@H](O)[C@H]1O
CHEBI:10283,CHEBI:163778,OC([*])C(O)=O,SC[C@H](NC(=O)[C@@H](N)[C@H](O)C)C(=O)N[C@@H](CCC(O)=O)C(O)=O
CHEBI:10283,CHEBI:166,OC([*])C(O)=O,C[C@H]1CC[C@H](CC1=O)C(C)=C
CHEBI:10283,CHEBI:16632,OC([*])C(O)=O,COc1cc(ccc1O)C([O-])=O
CHEBI:10283,CHEBI:16693,OC([*])C(O)=O,[H][C@@]1(OC(OP(O)(=O)OP(O)(=O)OC[C@H]2O[C@H]([C@H](O)[C@@H]2O)n2cnc3c(N)ncnc23)[C@@H](O)[C@@H](O)[C@@H]1O)[C@H](O)CO
CHEBI:10283,CHEBI:16825,OC([*])C(O)=O,CN=C(C)[C@H](O)c1ccccc1
CHEBI:10283,CHEBI:16864,OC([*])C(O)=O,Nc1ncnc2n(cnc12)[C@@H]1O[C@H](COP(O)(=O)OP(O)(=O)OC2O[C@H](CO)[C@@H](O)[C@H]2O)[C@@H](O)[C@H]1O
CHEBI:10283,CHEBI:17225,OC([*])C(O)=O,COC1=C[C@]23CCN(C)[C@H](Cc4ccc(OC)c(O)c24)C3=CC1=O
CHEBI:10283,CHEBI:18169,OC([*])C(O)=O,O[C@H]1[C@H](O)[C@H](O)[C@H](OP(O)(O)=O)[C@@H](O)[C@@H]1O
CHEBI:10283,CHEBI:18348,OC([*])C(O)=O,[H][C@@](COC([*])=O)(COP(O)(=O)O[C@@H]1[C@H](O)[C@H](O)[C@@H](OP(O)(O)=O)[C@H](OP(O)(O)=O)[C@H]1O)OC([*])=O
CHEBI:10283,CHEBI:18400,OC([*])C(O)=O,OC1=CC(=O)C=CC1=O
CHEBI:10283,CHEBI:212,OC([*])C(O)=O,CC(=O)CC[C@@H](CC(=O)SCCNC(=O)CCNC(=O)[C@H](O)C(C)(C)COP(O)(=O)OP(O)(=O)OC[C@H]1O[C@H]([C@H](O)[C@@H]1OP(O)(O)=O)n1cnc2c(N)ncnc12)C(C)=C
CHEBI:10283,CHEBI:2220,OC([*])C(O)=O,O[C@@H]1CO[C@@H](OC[C@H]2O[C@@H](O[*])[C@H](O)[C@@H](O)[C@@H]2O)[C@H](O)[C@H]1O
CHEBI:10283,CHEBI:27399,OC([*])C(O)=O,CCNc1nc(N)nc(Cl)n1
CHEBI:10283,CHEBI:27446,OC([*])C(O)=O,[H][C@]12SC(C)(C)[C@@H](N1C(=O)[C@H]2NC(=O)COc1ccccc1)C(O)=O
CHEBI:10283,CHEBI:27808,OC([*])C(O)=O,[H][C@]12C=C[C@H](OC(C)=O)[C@@H]3Oc4c(OC(C)=O)ccc5C[C@H]1N(C)CC[C@@]23c45
CHEBI:10283,CHEBI:27825,OC([*])C(O)=O,COc1cc(O)c2c(c1)oc(-c1ccc(OC)c(O)c1)c(OC)c2=O
CHEBI:10283,CHEBI:28142,OC([*])C(O)=O,OC(O)C(Cl)(Cl)Cl
CHEBI:10283,CHEBI:28394,OC([*])C(O)=O,OC(=O)\C=C(/O)C(O)=O
CHEBI:10283,CHEBI:29055,OC([*])C(O)=O,Oc1ccc(CC(=O)C([O-])=O)cc1O
CHEBI:10283,CHEBI:30718,OC([*])C(O)=O,N#[N][Mo+4]123([N]#N)[P-](CC[P-]1(c1ccccc1)c1ccccc1)(c1ccccc1)c1ccccc1.C(C[P-]2(c1ccccc1)c1ccccc1)[P-]3(c1ccccc1)c1ccccc1
CHEBI:10283,CHEBI:33390,OC([*])C(O)=O,[Cm]
CHEBI:10283,CHEBI:34809,OC([*])C(O)=O,CC(C)S(=O)(=O)NCC(C)c1ccc(NC(=O)c2ccccc2)cc1
CHEBI:10283,CHEBI:34810,OC([*])C(O)=O,[C@@H]1(O[C@H]([C@H](O)[C@H]([C@H]1O)O)O[C@@H]([C@@H]([C@H](CO)O)O)[C@@H](CO)O)CO.O.O
CHEBI:10283,CHEBI:37476,OC([*])C(O)=O,O[C@H]1C=Cc2c(ccc3ccccc23)[C@H]1O
CHEBI:10283,CHEBI:42896,OC([*])C(O)=O,OC[C@H]1O[C@@H](S)[C@H](O)[C@@H](O)[C@@H]1O
CHEBI:10283,CHEBI:48242,OC([*])C(O)=O,O=[Cr]O[Cr]=O
CHEBI:10283,CHEBI:48510,OC([*])C(O)=O,O(S(C(F)(F)F)(=O)=O)*
CHEBI:10283,CHEBI:48981,OC([*])C(O)=O,Oc1cccc2cccnc12
CHEBI:10283,CHEBI:52618,OC([*])C(O)=O,OC([*])C(O)=O
CHEBI:10283,CHEBI:616,OC([*])C(O)=O,Cc1cc(C)n(CC(O)Cn2c3ccccc3c3ccccc23)n1
CHEBI:10283,CHEBI:69014,OC([*])C(O)=O,[H][C@@]12CC[C@H](C)c3c(O)c(O)c(C)c([C@@H](C[C@@H]1C)C=C(C)C)c23
CHEBI:10283,CHEBI:7728,OC([*])C(O)=O,CCCCCCCCN
CHEBI:10283,CHEBI:89678,OC([*])C(O)=O,C([C@@](COC(CCCCCCCCC/C=C\CCCCCC)=O)(OC(CCCCCCC/C=C\CCCCCC)=O)[H])OP([O-])(=O)OCC[N+](C)(C)C
CHEBI:10283,CHEBI:94290,OC([*])C(O)=O,C1C=CCC2C1C(=O)N(C2=O)C3CC(=O)C4OCC3O4
CHEBI:10283,CHEBI:9496,OC([*])C(O)=O,Cl.C1CN2CC(N=C2S1)c1ccccc1
